categoryId,title,description,coverUrl,videoUrl,difficulty,duration,teacherType,enrollmentCount,hotScore,isFeatured,status,categoryName,teacherTypeName,difficultyName,keywords,transcript,sourceFilename
1,AI辅助科研写作的科技伦理边界,本课程聚焦AI工具在科研论文写作中的应用，探讨学术出版中AIGC使用的伦理边界。通过实际案例和工具对比，帮助高校教师理解如何合规使用AI辅助开题报告、中期报告撰写，提升科研效率的同时坚守学术诚信。,/covers/01_2ac4a843.jpg,/videos/01_2ac4a843.mp4,2,117,2,402,100.0,1,1,科技伦理,综合型,中级,"科技伦理,AI辅助科研,学术诚信,AIGC边界,论文写作",各位現場的老實 各位現場的同學 大家下午好歡迎來到中國科學院科研信息 蘇洋講堂你今天是2015年 志祺科研新進AI 蘇洋提升系列培訓我們今天的主講的這個老師是來自於中國科學院文獻情報中心的故力品老師今天他給大家帶來的交流的主題是AI輔助科研論文寫作我們接下來去介紹一下古老師大家可能現場同學很多都熟悉古老師他現在是就職於中國科學院文獻情報中心接任中國科學院大學經濟管理學院經濟最遠管理系的崗位教授也是臺灣同學會理事國際開放支持庫列本專業術與組合多與制工作組的成員也是我們院文獻情報中心的博士身導師研究員接下來去的時間古老師將給我們帶來AI輔助科研論文寫作有關於介紹一些AI工具的對比以及如何用AI輔助開體報告的賺血以及中數的賺血但的內容接下來去的時間我們留給古老師大家好 再接受一下共享古老師共享一下您的屏幕大家好 我是古力平來自中國科學院文獻情報中心請問一下現在能夠看得到這個課件了嗎可以 行那謝謝謝謝這次機會來信息數字教育信息數養獎堂 第二 我的第二詞但我知道最近數字養獎堂已經有很多的課程都很豐富然後今天這個主題呢叫AI輔助科研論文寫作比較難發揮這個題目為什麼呢 先跟大家聊一下和一下這個緊張的情緒我課件有一百 兩百頁到時候可以分享給大家就是如果今天這個題講得特別好比方說我們的AI輔助我們科研論文寫作了你講得非常好很有用的話 會出現一個問題這個問題就是編輯其他編輯會不會覺得現在這個演講的這個人他以後用AI來寫那他可能不能接受如果說今天這個題打插編球也沒講到什麼 弄得內容告訴大家該擦擋第一別亂搞這些亂七八 這些事兒那可能也不結合 是吧你的題目叫做AI輔助科研寫作結果你講了一堆科學倫理的事情所以這個題其實三月份的時候周老師還有陳冰老師就聯繫我想想這樣的一個系列的題目那我大約在五月中旬的時候有第一版的出稿第一版的出稿 這提前嘛你這個五月中 但時候是六月或七月不知道就在昨天晚上就甚至是今天早上我才把今天這個課件給這個整理好我覺得還行的一個版本那麼接下來大約兩個小時的時間我就介紹這大約197頁課件的內容那麼這197頁課件內容呢都是經過我們實際操作的截圖所以大致上分為五個部分的內容核心的當然在最中間的三個內容也就是這個海報上所說的AI工具對比輔助你開題報告以及你這個中數上的賺寫就大家如果是研究生的話可能九月十月就要開題報告了所以在這個六月份的這個重下實際上是光當中多了解一些這些工具的使用是有必要的那麼為什麼要一開始先講AIGC的一個邊界呢我們知道2024年這個中國科技信息研究所發布的一個叫學術出版使用AIGC邊界的指南這個指南是免費的PDF開放獲取的PDF大家可以收索以後下載我今天也不介紹這個但是就跟大家說這個學術出版上它要有什麼樣的AIGC邊界這個和大家做一個參考然後這是我們當時參加那個會議的這個一個照片和截圖,01.mp4
1,科技伦理与AI学术应用指南,本课程探讨高校教师在人工智能时代面临的科技伦理挑战，重点分析大语言模型在学术研究中的应用边界与规范。课程介绍动态更新的AI使用指南，涵盖学术诚信、数据隐私、成果署名等核心议题，帮助教师引导学生合理使用AI工具，维护学术质量与透明度。同时解析期刊伦理政策，包括同行评审、开放获取、多元包容等原则，提升教师的科技伦理素养与教学指导能力。,/covers/02_8247ff23.jpg,/videos/02_8247ff23.mp4,2,20,2,196,100.0,1,1,科技伦理,综合型,中级,"科技伦理,人工智能,学术规范,高校教学,期刊政策",咱们上回聊了大学里怎么用AI今天就深入看看这背后的指南是怎么回事特别是现在这些大语言模型像Chat GPT傻的简直是学术界的万能交水写论文做研究哪儿都能用上但问题也来了这玩意儿用得六不六边界在哪儿所以我们需要一套规矩一个指南针帮大家伙在享受AI便利的同时别踩了轮力的红线保证咱们的学术交流还是那个高大上透明高质量的样子这指南可不是一成不变的股董它得跟着AI这批野马跑才行毕竟AI技术更新换代比咱们换手机还快所以这份指南也得是个活物随时准备进化教授们会带着学生们一起讨论甚至可能搞点头脑风暴共同修改它这就像咱们做科研也是不断叠带优化的过程而且这份指南也不是平空出现的背后占着一群默默付出的英雄那些给早期版本提意见挑册了同事和朋友们还有参加过各种研讨会的大家这次更新形势上更宽烦了不光是客堂研究也能用内容上也加了不少干货数于表让你不在云里物理还特别指出了哪些学生用LLM是不太推荐的给老师们准备了资源包最逗的是之前提到的检测AI生成文本的系统现在被划掉了为啥因为现在的工具太容易冤枉好人污暴率高得离谱就像某些反病毒软件老师把自家孩子当病毒傻Pitzberg大学的教学中心都出来屁肠了说他们不推荐任何现有工具看来技术发展到一定程度总得先冷静一下别急着下结论这只难写好了不是所在柜子里吃灰的他采用了CCB外4.0许可这是啥意思呢就是说你可以随便拿去用改来改去都没问题只要记得给原作者数名告诉大家这是基于谁的作品修改的就行这就像咱们引用文现一样尊重原创同时又鼓励大家根据自己的情况灵活调整如果你觉得这只难有杀不对禁的地方或者有杀好建议可以直接发邮件给作者邮箱地址在这儿Jugity at Union Lies到EDU籍丝广义让这只难变得更好用好接下来咱们聊聊期刊边积部的那些事这可不是随便收稿子的地方人家有一套严格的边积政策核心原则有七个我给大家驴驴第一 治疗这是命根子目标是发表高质量有影响力的研究怎么保证靠严格的同行平审专家们会给出建设性的反馈帮你把文章打磨得更好第二 轮礼这是底线研究过程必须符合轮礼规范比如知情同意 保护隐私坚决反对抄袭和数据造假现在连AI生成的文本都要查重了可见房作弊有多严格第三 开放知识应该共享鼓励大家公开数据和代码方便同行严正当然 利益冲突也要老老实实交代第四 多元与包容不能只听一种声音要确保期刊能反应不同背景不同视角的研究营造一个公平包容的环境第五 创新鼓励新思路 新方法 挑战老观念甚至可以搞点花样比如文章里加点波克 视频 动画傻的让内容更生动第六 参与期刊不是单项输出要和独者 坐者 审搞人保持互动讨论热点问题 促进学术交流第七 可持续性作为电子期刊 环保也很重要从结能 减少纸张使用到选择绿色服务器都在努力减少对环境的影响你看 连半个期刊都得考虑探足迹够环保的吧把全这块得说清楚咱们期刊用的是CCBY4.0许可这意味着什么简单说就是文章可以被复制 传播 分享 甚至改变只要著名出处 标名坐者和期刊就行你可以拿去二次创作 甚至商业用途只要遵守规则关键在于 坐者对自己的作品拥有完整的权利 包括道德权 治理权等等期刊只是获得了使用许可比如为了编辑 排版 推广这些工作,02.mp4
1,科技伦理与AI工具应用,本课程探讨人工智能时代高校教师如何运用AI工具提升教学与工作效率，同时关注科技伦理问题。课程分享实用AI工具操作经验，分析AI在教育场景中的合理应用，帮助教师在快速变化的技术环境中保持专业素养与伦理意识。,/covers/03_84d0162f.jpg,/videos/03_84d0162f.mp4,1,60,2,294,100.0,1,1,科技伦理,综合型,初级,"科技伦理,人工智能,教学效率,高校教师,工具应用",各位老师 各位同学大家好现在我跟大家分享一下就我在利用联络智能如何去提高工作效率可以在效率方面一些经验包括对联络智能的一些认识那么在过去十几年当中也在中期大学开设你们叫我一关的一些分析课程这份课程的出发点就是希望能够助理可以推动创新帮助广大可以工作的提高学习和工作效率提高创业效率因为我觉得这个事情比我自己去做可以要更加有价值那么课程包括几个那种今天想的主要是怎么用它提高我们可以叫当今天报告里有工具的操作不会重点主要是希望能够给大家分享一下我对一些理解以及它可以帮助做什么对于具体操作方法它可以很容易去通过一些网站去获得一些信息所以今天报告目标不是要增加或者贩卖交易而是希望大家能够更加从容去硬定这样一种快速变化社会我主要从以下这个方面低点就是我认为当下是一个最好的时代为什么用说大家可以看到过去的三年左右从前几率三年五发会以来不到三年时间整个社会发生了非常多的变化从各大公司在推出他们的大目前然后到各种意用落地然后Dipsick推出一道这种人工正体的一个诞生哎呀从一个人工智障开始真正变成了人工智障可以帮忙去做很多事情我一直觉得这是一个最好时代原因是什么当一个时候发展非常稳定的时候你很难去跨越一种阶层然后去实现一个跨越发展当然当这个社会真的处在一个快速变化的时候就非常非常多机会将今后我们知道一句话叫乱世出一一熊所以在这个时代一定会诞生无数的因素人物所以应该说未来机会多多我也希望每一个人听完这个话之后对未来出满美好美好的一个赏赏我相信未来会有非常多的变化那么对于具体iI工具有非常非常多就是就是每一个方面几乎都可以找到一些iI工具那现在我给大家一些非常小的例子大家去体会一下在iI彈音之前我们怎么去做一些事情然后iI彈音之后又可以怎么去做一些事情比如我在做演奖的时候会说在上课的时候经常会给学生去演示一个工具比如我之前在上课的时候经常给学生做一些演示那我会用在工具然后方向把这个局务做一个放大然后或者作为标筑等等的那我相信所有的老师很多会有这种稀存的在之前用苏恒以前怎么去解决问题我们要想象一下这个软件会用工具的发布者它会怎么去描述点工具然后我用相应词会去搜索归词搜索能够匹配到它发布所用的观似我们才能找到这些工具即使在苏恒前时代的一种解决问题方式刚才到今天人物智能时代我们发现用解决问题方式变得更加简单你只要去告诉他你的需求然后你的要求实现什么的目的等等就可以了大家可以看到我跟这是我跟豆包一个对话然后我跟他说我一向去做一个演讲说有一个工具能够包我自在屏幕上放大说小那有什么工具呢这个时候我就不需要去体制任何观念词我只要去告诉他我的需求就可以那么挨很快会告给我一些一些后学其实我用的工具刚才给他演出工具就是这个叫Zoomate即使微软的官方提供的一个免费工具只有1点几道非常小而且非常好用我今天所有老师都可以把这个用起来然后比如我在做一些事情比如我要去我们前一任就要去开一个成果建讯会那我不知道怎么做我也可以去问挨那我说这个重新的会该找什么机构怎么去办等等呢它会很快给我一些答案但是我想很多人用挨的时候可能会碰到类似的问题说他给的这个答案不够具体那么问题出在哪问题出在我这个前过建订会到底是什么成果什么样的建订会等等都没有给他描述清楚所以他只能给出一些大概的方向比如说你如果给他一些清楚的只是说一个一气的一个建订会等等那他就给你更精准答那这个就是我们在和挨打交流的时候我需要注意的问题也就是所谓提示辞工程就是你需要清楚的表达你的需求如说你的需求越清楚的话那么他给出的答案也会跟你佳精准但如说你不清楚的话也没关系他可以再去顶带你可以再重告求求求,03.mp4
1,科技伦理与学术规范教育,本课程聚焦高校教师在科技伦理背景下的学术规范教育，探讨人工智能时代学术写作的伦理边界、查重检测的合理使用以及防范学术不端行为。通过分析实际案例，帮助教师引导学生树立正确的学术价值观，提升科研诚信意识，应对新兴技术带来的伦理挑战。,/covers/04_03657a7e.jpg,/videos/04_03657a7e.mp4,2,81,2,331,100.0,1,1,科技伦理,综合型,中级,"科技伦理,学术规范,查重检测,人工智能,高校教师",今天呢 来讲这个问题接这个问题不太好讲因为 哎呀 机枝呀 都特别热特别火 大家都想讲两句其实我又不是蹭这个热点我在北大呢 有一门课就要学书写作与表达给大学学书写的怎么写论文就是一个18岁的孩子高考考的很好考的北大来了高考作为我们知道和学书写作不是完全不是一回事所以呢 我们要告诉这些孩子们怎么进行学书论文的写作那得有规范 对规范所以呢 我们这样一个文课好 三北大开心好 这些文课这些文课这些文课我们这样一个文课好 三北大开心当同时我猎我在我们系上还有另外一个文课我这叫工具书的小梦上我的课好 叫工具书对 工具书就是大家写论文查字料 写报告 等等要用的所以这二十多年来研究一点点工具书的问题就是先去减索啊 对吧那么我们就想说这人工智能都来了对吧 现在学书写作就对 刚才你好 这也说好是不是哎呀 现在可以帮我写论文呢那写到什么程度我都不被发现可以不是超新呢对那我想这个问题显然是我关注的所以在讲哎呀 这之前呢我想把这几本概念给大家讲一讲如果大家对这些词比如我的词不是很陌生的话呢大概能知道我平常关注的点因为前面这些数据这些数据啊 学书规范可以人呈现当我们说到超级检测软件的时候我不知道有多好人知道或者有多好人在用或者你用过没有啊 一定很多学生啊包括本科生研究生就更多了他们会问说老师 我怎么查一下来感觉我没有超级的痕迹这样的话我就可以怎么这样 怎么怎么样那有人问我了还好还有人自己瞎抵抗啊说我在淘宝上买个什么什么号可以把我写的论文然后上传一下那号可能就花了几十块钱或者是一百块钱能查重一下然后查重一下然后结果呢那是钓鱼的它的论文本身还不错结果呢就被所谓的超级检测软件就收割了他把他的论文会卖给另外一个人因为这个论文写作我们知道好有很多论文工厂论文工厂所以我一想当我看到这些大家看到这些词的时候有些人可能比较熟悉现在都用过现在说是往那怎么样微谱的怎么样谁的好谁的不好谁查的准 瞎的不准这个谁能帮我过官谁能帮我躲过了有关不门的这样的检测但除了这样查重还有健康重很多学上就会对我这种认识就这样重文字幅置笔我想这些都是我们现在不一定是一个大学老师作个老师我做个老师我关心学生不要有那么不要有学书不端的事情发生我们要偏要学生基本的创新能力同时也是管理部门从这个角度来说更多的是管理部门的关心这个问题那么某著名高校就在我们身边他可能一年会花个百十万的名币去买这种超级检测软件的方式超级检测软件的幅这在我们身边所有的同学的论文都会被查一遍那么当你知道你被管理部门监控的时候你会想要是降重那这些基本的概念我想大家如果都熟悉的话我们就不用多说当了哎呀 机C来了哎呀 机C来了机C来了之后就是说哎呀他可以更快的帮我写论文了他可以不用去做那么多的减肃不用做那么多的文现的月毒但是我们看到刚才还有一个词叫福协率哎呀一率对当你在利用哎呀机C这些工具的时候有关方面又发明了这样的数据来去监测你是不是在利用人工质能在走结境他有这么一个算法这两个词应该是说最近这段时间大家突然都比较多所以我想再讲这个正式的之前我非常快速的给大家说一下学书规范的基本概念其实北京大学的研究生手册哪一年哪一年都在每一年都会给教一个学生本科生也有的这些都是在我们的日常工作里面对 日常工作里面比如说北京大学博士学生,04.mp4
1,AI工具赋能科研的伦理应用,本课程探讨人工智能大模型在高校科研活动中的应用与伦理考量。从大模型的基本原理、发展历程到实际应用场景，分析其在科研中的赋能作用，同时强调高校教师在运用AI工具时应遵循的科技伦理规范，确保科研活动的诚信与责任。,/covers/05_c2d5e557.jpg,/videos/05_c2d5e557.mp4,2,47,2,248,100.0,1,1,科技伦理,综合型,中级,"人工智能,科研伦理,大模型应用,高校教师,科技伦理","我們人工智能相關工具在科研活動中的一些這個應用我會報的主題是用好AI工具復能科學研究我將從以下四個方面進行會報首先是大模型的發展與蓋數大模型是什麼大模型的概念呢一般我們認為是基於深度學習技術具有海量的參數強大的學習能力和範化能力能夠處理和生成多種內型數據的人工智能模型其具有以下幾個特點第一個高計算需求大模型的訓練通常需要大量的計算支援比如GPU,TPU等高性能硬件的支持這個大家在一些新聞報導中也可能也有了解第二個是高數據需求大模型的通常需要海量的訓練數據也就是說我們必須要知道數據是什麼然後用深度學習技術,需進行訓練大模型才能擁有相關的智能數據越多大模型理論上越聰明第三個是龐大的參數量大模型通常擁有數十億甚至數百億個參數比如說目前我們合夥的Depthic擁有六千多億個參數而大模型的基本原理是什麼呢我這裡盡量用科普的語言給大家進行會報首先要出現一個大模型或者訓練一個大模型我們需要有三個方面的條件一是大量的數據第二是學習算法而目前比較流行的是深度學習算法第三是強大的算力這三者會合之後然後大量的數據加上學習算法在算力平台上面進行模型訓練就可以形成具有大量參數的神經網絡模型而此時這個神經網絡模型實際上就是可以用的但後面在用的過程中根據用戶的反饋知識調優等等這個模型還可以不斷的調整模型參數也就是說能夠在各種任務中取得最佳的表現讓這個模型越用越聰明這就是大模型的一個基本原理而大模型能夠做什麼呢首先第一個它的上下文理解比較深入目前我們這個比較流行的大模型實際上是大語言模型它具有更強的上下文理解能力能夠理解更複雜的語意和語境比如說我們可以要求大模型總結實篇文獻的要點而它能夠自動地理解各篇文獻的上下文因為之前進行的大量數據的訓練第二個語言深層靈活它能夠深層更自然更流利的語言減少了深層輸出時呈現的錯誤舉個例子比如我們要求大模型深層某個學術報告它能夠根據收集的數據總結歸納後組合成自然語言我們經常使用CADGBT我們問它一個問題它回答實際上我們觀看起來非常流暢這也是因為它把一些詞繪把它連在了一起組成了自然流利的語言第三個學習能力強大模型通過大量的數據學習利用知識和模式提供了更精準的深層預測比如說我們如果要求大模型按照我們給定的一段文字深層一張圖片它能夠根據已經學習的我們想要的最佳圖片第四個可簽一信高同的任務和領域中簽一應用是做一個礦業領域的大模型按照標準規範為給大模型大模型經過訓練之後就能夠回答礦業領域的問題接下來會報一下大模型的發展歷程從2018年GPUT1開始到目前 DeepSake橫空出勢大模型的發展已經經歷了多年而產生了非常多的大模型並且各個廠商也不斷地跟進目前的大模型很多但總體上來說可以分為兩類一個是必原大模型一個是開源大模型低源大模型呢實際上是相當於用戶遠程調用廠商的大模型而大模型有廠商管控如果需要定制的話要通過廠商",05.mp4
2,科研诚信内涵与灰色地带解析,本课程深入探讨科研诚信的核心内涵，重点分析科研诚信的灰色地带问题，阐述科研创新的本质及其与诚信的关系。课程涵盖科研不端行为的定义与分类，包括捏造、篡改和剽窃等行为，帮助高校教师识别科研伦理风险，提升科研规范意识与实践能力。,/covers/10_81a9064e.jpg,/videos/10_81a9064e.mp4,2,174,1,500,100.0,1,1,科研诚信,科研型,中级,"科研诚信,科研伦理,学术规范,科研创新,高校教师",今天是2月28号今天下午我非常容性受到富暂大学的内老自论科学技术研究院的封建封院长的邀请来给一个科研呈信于科研创新的讲座本来这个的今天下午讲座是我曾经生物学讲座的一个讲我把最后一个讲留到下个礼拜一的下午讲所以今天就是讲呈信于创新我今天的内容可以分为五项第一个我要谈一下科研呈信的内涵包含什么内容第二个要谈一下一般人比较不太注意的就是科研呈信的灰色地带的问题这些问题其实比较严重第三个是科研创新的这个本质是什么谈谈科研创新的内容是包含了哪些第四个呢我要谈一下科研呈信和创新之间的关系当我要在这个谈科研创新的本质是我要提一下怎么样学习科研创新科研轮礼是一个比较大的范图科研呈信是科研轮礼的一部分科研轮礼呢在讲科研行为的一些轮礼的整理主要是讲在做科研的过程和交流报道科研成果之后的呈信问题这是轮礼的一个范图但是科研轮礼其实包含很滑也包含了我们做科研的目标和做科研的方法这字方面有一些轮礼的整理比如说我们做了科研的目标必须是符合社会轮礼这个社会轮礼不是科研系他自己定的他是整个社会定比如说我们不能够做人的客龙不能够用先目前来说不能够随便操作人的基因这是不符合社会轮礼的标准的即使你讲呈信也不可以做另外一个就是这个合乎社会轮礼的研究方法就是你做这个研究的时候你的方法必须大家社会要认可包括你实验动物怎么用你用人的做人的临床的实验在人身上做了实验你的研究方法必须要通过轮礼的审核这些都是轮礼的问题那我这些问题我们今天是不太不准备谈的因为这是很大的一个范图这个社会轮礼它的背景是包括整个社会的文化宗教各方面的因素都在内的这是一个是一个比较大的问题这是不是今天的内容但今天主要的内容是讲客严行为事后做客严工作的时候的一些呈信的问题这是今天主要的内容那这个客严首先我要定义一下的客严不端行为就是在做客严行为不讲呈信这是什么道理什么叫做不讲呈信不短行行为这个是全世界有广泛的共识的标准的就说就是说我们在做提一个普普手啊提一个建议书或者执行这个客严项目或者报道或者评审科学成果的时候都有可能有味噪不忠实和飘气的行为这三类行为就是叫客严不端行为三类的迷斯康达首先我们这个所谓的味噪是什么这个定义是全世界工人全世界科学界工人的三个定义FFP味噪就其中第一个就是说无中生有的味噪实验结果没有的结果自己造出来或者不但做出这个造出这个结果报道这样的结果或进入这样的结果这不靠是味噪这是一个非常明显的不短行为另外一个叫Forsifycation不忠实的行为就说你有了这个实验结果有了操纵你操纵了实验的材料或者一系或者是实验程序改变省略数据或者结果使得这个科研的结果不能够准确地表达在科研的技术或者报道里面这个叫做Forsifycation把原有的东西让它不真实这就是第二类,10.mp4
2,科研诚信规范与案例分析,本课程基于国家科研诚信政策要求，系统讲解科研失范行为的七类主要表现，包括抄袭剽窃、数据伪造、买卖论文、虚假申报等。通过山东第一医科大学、山东大学等高校真实案例剖析，帮助高校教师识别科研诚信风险，强化学术规范意识，提升科研伦理实践能力。,/covers/11_666111d8.jpg,/videos/11_666111d8.mp4,2,19,1,185,100.0,1,1,科研诚信,科研型,中级,"科研诚信,学术规范,数据伪造,案例剖析,高校教师",你不想要我你不想要我你不想要我你不想要我你不想要我你不想要我你不想要我你不想要我你不想要我你不想要我你不想要我你不想要我你不想要我你不想要我你不想要我你不想要我你不想要我你不想要我你不想要我你不想要我你不想要我你不想要我你不想要我你不想要我你不想要我你不想要我你不想要我你不想要我你不想要我你不想要我們你不想要我們你不想要我們你不想要我們我們不想要我們不想要我們不想要我們不想要我們不想要我們不想要我們不想要我們不想要跟我們我們不想要跟ある跟勾馬跟從事跟我們都說是說我們不想要跟色跟他們我們不想要跟他們所以我科研呈信给大家讲一下目前我们国家对这个科研呈信的要求科研实际上科技部22部部门的这个印发科研实际行为调查处理威者里面提出了那些可属于科研实际的范围呢第一个就超习票借清占他人研究成果或者项目生报苏第二就是编造研究过程伪造研究成果买卖实验数据伪造串改实验研究数据图表结论检测报告和用户使用报告等第三个就是买卖带写带头论文和或者项目生报燕收材料等虚构同行评议专家或评议见第四个就以故意提供虚假信息等弄虚作假的方式过财取情都会露利益交换等不正单所断获得科研活动的审辟获取计计划项目科研经费假逆荣誉职务直撑等第五一弄虚弱做假方式获得科技轮丽审查批准或者伪造串改科技轮丽审查批准文件等第六就无实际的这个学术贡献宿民本违法浪文假逆专利等宿民规范的行为第七就是同复发表引用或云露无关的文献要求作者飞逼要的引用特定的文献等违法学术出反规范的行为其他的一些科研施信行为那么像我们这个超习飘剑侵占他人研究成果或者项目申请书的话国家卫健委对我们三东第一科大学认网认网养设写学术不当然开掌的这个调查经调查认小养获得他人往年为过资助的国家战亏基金申报书后直接使用大量的这个该基金项目这么说的内容算写了自己2023年的申报书那么存在的超习存在的超习他人的这个申报书那么我基金取消了任小养国家战亏基金申请和参与的这个申请这个三年那么其实我们其他的这个医院也有很多包括我们难参的有一些高校和一些省级单位也有一些这种情况大家可能都有听说过对听说过第二个就是编造研究过程伟造研究成果买卖实验研究数据伟造串改实验研究数据途表结论和检测报告那么三东大学在在职的这个博士研究生牛郡涛他这个但是写了一篇文章经查时这个乐门涉嫌伟造串改实验数据伟托第三番机构涂稿涂稿等问题取消该这个牛郡涛申请和参与申请国质金的这个四年第三个就无实质金的学术贡献数名等违法论文奖励 专利等数名规范的行为把他人的文章论诸的成果直接作为自己的前期研究几观点没有明确的标明你用来源那么像在这个李门谷民主大学的网民他们发表了一篇论文经查实呢这个论文在没有经过同意使用他人数名还有善自数标做他人科学基金项目等的问题这种问题呢其实在我们很多坑严管理共产党中也经常发现,11.mp4
2,科学精神与科研诚信教育,本课程通过真实案例分析，探讨科学精神的内涵与价值，强调科研诚信在高校教师工作中的重要性。课程涵盖科学精神的本质、科研失范的危害，以及如何在实际科研活动中坚守诚信原则，旨在提升教师的科研道德素养和规范意识。,/covers/12_03538d42.jpg,/videos/12_03538d42.mp4,1,10,1,163,94.32,1,1,科研诚信,科研型,初级,"科学精神,科研诚信,高校教师,学术规范,科研道德",大家好 今天我们来聊一聊科学精神 日科营道德在科学开始之前 让我们看两个发生在我们生病的世界在24G80年代初 米国公司开发出失漏金科学人生用的人和回中统 被欧美接用80年代末 失漏金成为中国营的录点但是相关的文章 卫视频论计副作用甚至与研究人为论文发表 成果推广科学野蛮生病的副作用相关研究继续结论文职报告日后 最来一高校专家 专门研究研究秘制对付与官方的生病的检测科学家 并且利用资设处找不到科学知识日监商 勾紧 为母亲资论力而站在人民的丢了命第2个案例是轰弄全古的支援病迹因而失践208011月 南方科学大学副教师克建魁宣布于对支援病迹因而诞生由于这地相报到了一个支援 经过修改出生日后 替来指抗SB的病毒HRV科学部副副长徐南平表示支援病迹因而 如果缺了语出生属于弥力禁止了 将按照中国一关法律和条例进行处理2019年12月 改案一审公开宣判科学家会等闭告人也共同非法师师身上为目的的能力使它支援病迹和身上日常的活动高层非法协议局 分比病迹法居民行事承论科学家会议员云中 中国科学成果被国家和人民族公现国家鼓励和支持合法的正常科学院 puedong但对科学家会议员 公典违避 寻到的规范违避轮礼 甚至法律的所谓科学互动必须要进行打击 科学家会刺激告诉我们公立组织的设论许多的应用必然会拜会许多风秩可以了为了我们有科学精神和科学道德的约束地理的力将会将来带来最大的灵难那么 什么时候科学精神呢无阳从科学精神的本质 日内涵科学精神的价值就功能科学精神缺乏的危害三个法迷 科学精神经济讲解所以我们来了解一下科学精神的本质和内涵对于科学精神 不同了一不同的看法良持在做组织为 科学精神的东西文化了营养中齐了与世龙子政治时 叫做科学可以叫人求得与世龙子政治的方法叫做科学精神组织在分野心内科学家选取各百里加历列 旅政的人的生命师的支持者那为科学精神最细的三个特点第一 日理自民日威笨盲从父何 知者问师妃 本质厉害第二 输怀路果 笨武弹专恒第三 专心一字 知事求字福丹大学社会是教制胡子军的理科学精神是科学生员发展的一日传统生命线他曾经输过 不输假话输入组织问的 始要原则中国科学院自然科学是研究所营救员留政的位置科学精神的律害与两个发明在本体论议上要坚持为这一部则世界的可足任者学要求科学世界本身来解释关键在发挂上要坚持私事情细奔马莫免信权威以实业 世界为标准的是正组织原则总议上迷人和专家得科学精神的乐术科学精神 自自科学共同指在常治的科学互动中所讨厌和基定的家族官司令方式与线为军则等指立汉主要可以该扩为以下整个发明第一 制程制作上的创新自科学精神的核心利用第二 自自求自自科学精神的资本要素第三 辞职和词犯日式,12.mp4
2,科研诚信与伦理规范专题,本课程聚焦高校科研人员的诚信建设与伦理规范，深入探讨科研选题的科学性、创新性、应用性和可行性四大原则。结合国内外科研诚信案例，分析科技伦理审查要求与风险防控，强调避免低水平重复研究，引导教师坚守学术道德底线，提升科研质量与伦理意识。,/covers/13_cb10fd8d.jpg,/videos/13_cb10fd8d.mp4,2,95,1,374,100.0,1,1,科研诚信,科研型,中级,"科研诚信,伦理审查,学术规范,科研选题,高校教师","世界各國的加上的情況,還有咱們國內的各種情況來寫的一個文件。在這裡面,我們選習這塊,就是提到了,我們在選習之後,要注意問題的倒下,我們要做真的研究的問題。另外一個,我們要符合倫理,科技安全的規定,也不能簡單重複低水平的研究,也不能去忙碌地去追求熱點,這是個同意的要求。具體到咱們科研人員來說,我們也提出了選行,應該考慮科學性、創新性、應用性和可行性,這四個方面。這四個也是我自己寫的,那為什麼要寫這幾點呢?是因為從誠信教註來說,從我們的學術的道德和規範來說,這幾點呢,在對於我們的科研是非常重要。科學性和可行性在科研誠信之後,有更加重要的方式。時間關心的創新和應用呢,我就不再展開講了。這個各位老師,在做研究中,可能都會注意自己的創新,自己的價值,不用做強調。從誠信教註中,我更加強調兩個頭的,一個是科學性,我們作為北大醫學部的科研人員。我們做的研究,那肯定得符合最基本的科學支持。我們不能做一些衛學科學的研究,也不能做一些假的研究,也不能做迷信的研究,這個可能是不行的,所以我們基本上大家都會有個選題、開題。我們先就開始開題,做一些下面的時候,我們也會進行開題的討論。大家來確定這個研究的方向,是不是真的科學問題?這點我想我們是都會注意的。另外一個呢,也提醒大家呢,那它的選題開始,我們就要考慮倫理方面的問題。對於倫理的質疑呢,咱們國家是很重視。大家是北大醫學部我想,倫理呢其實大家比我結束得更早,更加的要覺得更高,因為我主要是講成績呢,倫理我就簡單說一下。咱們國家其實對於倫理的質疑,從2022年開始,我們有一個關於加強科技倫理質疑的意見,兩半意見。這個呢,後來呢,2023年,我們知道我們國家進發了兩個倫理審查辦法,一個是科技部的實部委的科技倫理審查辦法。這個也是我和海鋒老師,兩人去討論。然後呢,後來呢,威堅委呢,有一個社區的人的,生命科學和醫學研究科技審查辦法。這兩個是,那這三個文件大家可以看到的,實際上呢,就構成了咱們現在倫理治理的一個頂層的。我們其實大家所有的文件都依據它,要進行一些修訂破完善。那我們對於倫理的審查,倫理的風險的停孤,這點我想問,大家的選其實就要注意。我們在科技倫理審查辦法也寫了這麼幾條。那這幾條都應該進行倫理審查。那這點我想,我不用帶給各位老師強調,因為各位老師應該都必須說。那另外一個就是課形性。課形性呢,就是在呈現這點來說,我覺得它是要求是最最高的。最最有必要強調是課形性。因為各位老師,都會注意我們作言就都要錯創期。我們都肯定是要做有創新性的東西出來的,還有價值。沒有創新東西,肯定大家沒有什麼做的意義。特別是作用北達學會的頂層的學者們。那我們做的東西,肯定就想跟他講老師說的。你不發3.x的話,你做的研究都沒有意義對不對。那這個時候,大家都會強調創新。但是大家也要注意,不能因為創新而忽視了課形性。就是你做一個研究,它是很有價值。但是這個價值我們自己沒有能力做出來的話,實現不了的話,那就很重問題。很多的課形性,我以為都是因為不具有課形性,才導致的。那我們課形人員的初心,不是說我們要去造假的。只不過呢,我拿到了動作經費,我也給領導承諾了這個,我能做成一個好的成果來,結果最後做不出來,打扮了。那可能很多人就會選擇蒙回過關。這個蒙回過關,給了一種造假的對不對。所以這個時候,我們在做選題的時候,一定要考慮課形性。我認為我們自己做研究,還是我們知道我們的學生做研究,都特別要考慮課形性。可憐憫地幫我課關上,我們的科學水平,我們現在的支持者儲備,我們有沒有一期設備,我們自己我們自己願沒有,我們自己我們自己願沒有,我們自己我們自己願沒有,我們自己我們自己願沒有,我們自己我們自己願沒有,我們自己我們自己我們自己願沒有,",13.mp4
2,科研诚信与学术规范教育,本课程围绕高校教师科研诚信与学术规范展开，通过案例分析讲解科研诚信的基本原则、学术失范行为的表现形式及其危害。课程强调科研诚信对学术研究可靠性和价值的重要性，帮助教师识别并防范学术不端行为，提升科研道德意识与规范实践能力，促进学术交流健康发展。,/covers/14_6c276a60.jpg,/videos/14_6c276a60.mp4,1,12,1,164,94.31,1,1,科研诚信,科研型,初级,"科研诚信,学术规范,学术不端,高校教师,科研道德",心育理大家好今天跟大家聊一聊刻言誠信尼徐旗不誅這個話題隨意讓我們來看 pose发生在我们生命的案例案例1案例1例里数名中大学子的举报信通过地区发现减一批讨论公枪匿名的论文就遭遇了16个大名25人的6人领还抄袭成为史上均流的领还抄袭门世界一批案例生日上市之九轮里来发表了论文说肚里来比不同的人生反复抄袭几乎出现比创意的爱是一创意的对第一创意是最终日不见抄意是的最合递从此黑巴爱里面唱了一份营赛世界在该司机中涉嫌全在许识部队的行为的一生达到其中一人因此也因此受惑了管犯关注许识部段也开始走进了人民的事业由此口界科学呈现问题越来越受惑了管犯关注也成为中国哪支全世界主要秘密那个重要问题如果不加入掌控科研的信任秘职将黑客来会到来将影响冷立科技的发展与进步这几个我们就要从日常这个方向今天讲解首先我们来简单了解一下科研呈现和许识部段科研呈现是在科研研医中均约层次公正透明的基本原则行为包括研究设置实际过程数据之路激鼓分析和发表成功等发明科研呈现不仅关乎各种道德和责义措施更关系了科研医的可靠性兴律和事务价值许识部段这是指围反许识规范和道德标准的线位包括超级造假穿改数据嫖妓踏来成功等不仅破坏了许识工程和呈现野地是科研理由的发展和进步带来了未知科研呈现和许识部段对科研研究和许识交流的影响非常重要科研呈现是科研研究的支出这一保持成实工作和特别的原则这一保持研究机股可靠性和科研价值许识部段这会破坏许识工程和呈现影响研究机股的真实现与可靠性不仅影响许识界的生日和兴律还可能到达重大的社会和精彻选食此外许识部段还会影响研究者的质意声响造成长远的不良影响因此保持课影呈现和日反许识部段是科学影响许识交流的资本要求这一位权责位共同关注科研呈现和许识部段问题加上呈现教育和规判管理才能重建科学影响许识发展和许识交流的健康发展L22019年2月ZT0应在直播中回到瓦语词文时不知知诊为何物他的博士论文正式性是老证据在这之后ZT0的数损论文必止超息知诊查重机股显示这并赛败读制了数损论文重过资助顾外重过比例达到36%那么如果确保这是做到了科学影响许语呢保持科学影响许识原证应哪些呢科学影响许识科学影响许识科学研究者在今年科学研究史应那捐出了诚识公正透明军中资产员等这本研的保折地科学研究和学学交流的军中和训论RSD科学影响议四大原识的详细数名诚识诚识识科学影响议识本研的之一科学研究的应那支持军圈的制度实际数据实际机构一业方法和成果并且背浪在一中夸大和威蜀也就机构此外一业应该秘密吃病同行和公众包括不造假不抄息不表现它的一与成果,14.mp4
2,科研诚信与学术发表规范,本课程聚焦高校教师在科研发表过程中的诚信要求与伦理规范，涵盖研究设计、数据真实性、成果署名、期刊投稿等关键环节。通过专家讲解与案例分析，帮助教师理解科研诚信的核心原则，掌握负责任的科研实践方法，提升学术道德素养与规范发表能力。,/covers/15_5cbbc7d7.jpg,/videos/15_5cbbc7d7.mp4,1,43,1,427,100.0,1,1,科研诚信,科研型,初级,"科研诚信,学术发表,研究伦理,高校教师,学术规范","Hello everyone, welcome to our workshop on how to do researching at published. Today we're focusing on what it takes to get published in an academic journal, specifically focused on research integrity and ethics. To get us started at first, I'd like to introduce you to our team. Victor Locklin is a senior member of the research integrity team at Sage. He's worked for other publishers in research integrity roles, and his background is in philosophy with a particular interest in ethics. He holds a PhD from University of Antwerp, and the Masters in Fine Arts from Edinburgh University and Queens University Belfast. Next, Alex Morrison is a publishing editor on the STM Journal's editorial team, managing a range of scientific and medical journals. Alex has a background in content management, magazine publishing, and literary publishing. He holds a Bachelor of Arts in International Studies from the University of Denver, and a Master of Fine Arts in Creative Writing from the University of New Orleans. Next, Dr. Ellen Chattwin is editor-in-chief of the Journal of Human Lactation, a practicing lactation consultant, nurse, and maternal child health researcher, with a focus in epidemiology. She is written and presented widely on research ethics, both through her editorial work, and as an invited speaker for organizations, such as the International Board of Lactation Consultant Examiners, and the National Lactation Consultant Alliance. And last, my name is Sean Scarsbrick, a marketing manager on the author marketing team at SAGE, and my primary role is to provide support to authors and reviewers as they move through the publishing process. Today, please send us your questions through the Q&A function at the bottom of your screen. The little address as many as we can live at the end of the call in addition to typing answers to you as well. For any questions we don't have time to reach or to answer today, we'll follow up in a blog post. And now to get it situated, we want to start off with the timeline of the typical author journey. It starts off here at the very beginning stages of securing funding all the way through resumission. Our webinar series covers all of these in a number of capacities. So if you're interested in the specific area, we do recommend you check out one of our past webinars, watch a recording, or of course register for a future webinar. And with that, I'm happy to pass it over to Victor. Thanks, Sean. Hello, everyone. So the start is at the beginning. What is research integrity? What research integrity is there to promote principles of responsible research? What is responsible research? This is research that has been conducted ethically, which means that the methods, findings of the research have been described honestly and accurately. And those findings can be reproduced and they can be replicated. Next slide, please show. So research integrity is a shared responsibility of all of us in this scholarly community. It isn't just that researchers have to act ethically. It's the all participants within this community act in ethical manner. So for example, is the situations like universities? So yes, so universities funding bodies should be there to promote ethical behavior and researchers. And in some cases, I should engage in when ethical issues are raised. They should respond in appropriate manner and try and address those issues. But it also requires organizations such as like the Committee on Publication Ethics. They provide guidelines to publishers on how to maintain the integrity of the scholarly record. Also requires services such as indexing services like ClareVit to actively monitor the scholarly record for ethical breaches. And ultimately also depends on journals and publishers to always ensure that high ethical standards are maintained in all of their published output. So what are high standards in research? So when thinking of research that maintains those high standards, we're thinking of things like there is appropriate and timely ethical approval of the study. There is suitable participant consent. And the research design of the study is appropriate to the topic of the study. There's inclusion of appropriate stakeholders in the research. And there's also been transparent reporting of all methods and results in order to ensure, as I previously said, that those results can be both reproduced and replicated. Next slide, please show them. What about published articles? So what does it mean to look for high standards in articles and published articles?",15.mp4
2,科研诚信与学术规范导论,本课程针对高校教师和研究生，深入探讨科研诚信的重要性、学术不端行为的根源及防范措施。通过案例分析，帮助科研人员识别学术不端行为，强化科研伦理意识，提升学术规范实践能力，促进健康学术生态建设。,/covers/16_6e1ca059.jpg,/videos/16_6e1ca059.mp4,1,90,1,339,100.0,1,1,科研诚信,科研型,初级,"科研诚信,学术不端,学术规范,高校教师,科研伦理",剛才的主持也非常高興我們有這樣一個機會在線上有這個課研呈現已學術不斷那麼這個活動是由我們偽藉時報中心跟國家天文台來共同的主辦我講這個主題的主要的意思就是我們在課研和學術活動中不管是我們的項目的研究還是弱文的寫作首先要講課研呈現那麼也要避免學術不斷這個是我想對我們每一個從事研究的老師和研究生而言都是非常重要的那我自己也是作為期刊的主變作為期刊的主變那麼也是負責武和刊的主變和負主變的工作然後也在科學大學來講除了昨天課之外還講兩門公共課以身面向授誌生的課研居輪寫作一個是學術道德與學術寫作規範那麼第二這個學道的學術寫作規範是2019年開始我們全院的全校的博士研究生的公共必修課這是20個學史當然我自己也在主編一本書叫科研能力學術規範倒論可能會理念正式的出版我想用一個小時多一點的時間不操作一個半小時講三個問題第一如何看待和對待科研成性與學術不端這是我們要有一個基本的認識第二個我們簡單地分析一下學術不端的行為產生的根源是什麼為什麼會有學術不端的問題第三學界就是我們的科研人員我們的研究生甚至包括我們的科研機構我們的學協會應該如何堅守科研成性避免學術不端講這麼三個問題我最後也會留一點點時間大家有什麼問題我們做一個簡單的互動首先我們如何加強如何看待和對待科研成性和學術不端大家先思考一個問題你認為國內學術不端現象嚴重嗎需要採取治理措施嗎我想對於這個問題可能大家都會有不同的回答我們有三個答案非非常嚴重需要加大治理力度避不很嚴重無需特別治理所以沒有問題不必採取措施不如同學們會選A還是B還是C如果我來選的話我是選A的認為非常嚴重需要加大治理力度我在講課的我們教學團隊曾經對我們科研大學的研究生做了一個問卷做了一個問卷大家看到選A的非常嚴重需要加大治理力度的373.08選B的不很嚴重無需特別治理佔26.26還有0.66的同學認為沒有問題無需採取措施如果沒有問題無需採取措施我們為什麼還要強調科研呈現的問題我們要如何去避免學術不端的問題為什麼我們要開設這樣一門課為什麼國家要花那麼多的科研呈現的政策所以我覺得我們的同學們不僅僅是叫做研究還要重視科研呈現的問題關於這個調查的我跟我們的團隊和我的國生寫了一篇文章發在研究生教育研究上這個是不光是這個調查我們還有其他的一些調查那我們先了解一下下列現象哪些屬於學術不端哪些屬於學術不端我們說學術不端是比較嚴重的學術師範行為學術不端是不很嚴重的學術師範行為那麼我們根據他問題的性質的輕重分為學術不端和學術不端那我們如何去區分第一大量操勞他人成果而不著名出處這個大量可能就不是20%30了可能是更多但是你操勞別人的但是你沒有著名出處這個就是學術不端我們把它叫做嫖妓第二種情形大量操勞他人成果但是,16.mp4
2,科研诚信：动植核心与科研精神,本课程从科研动植与核心、科研工作者的数量两方面，深入讲解科研诚信的内涵。通过陆陆续续、南伦东、王泽山等案例，阐述科研需要崇高目标、特律性付出、穿性创新和持久坚持，强调科研工作者应具备无私精神、专注投入与创新意识，以提升高校教师的科研诚信素养与职业操守。,/covers/17_a10cf2b6.jpg,/videos/17_a10cf2b6.mp4,2,11,1,161,94.68,1,1,科研诚信,科研型,中级,"科研诚信,科研动植,创新精神,高校教师,学术规范",《不明天的歌曲》大家好接下來我們講第二部分裡頭科研到的主要從科研到的制作與核心以及科研工作者的數量兩個方面進行講解科研到的制作與核心是什麼呢用一句話來概括就是全集的動植高傷的目標對冷靈的整個感和私心日子密科技思義無私無異的現身精神就是表演在日下的一個方面第一從此科研需要有重高的科研動植與目的在清華大學的陸續考試中歷史考滿分了其餘其餘場最後選擇了物理轉義物理師的物理訊教授全他指徐文科其餘場今天的回答要打仗中華歷史的PAPERROR用場為了老吃白藏就業餵非肢大泡不如冷家我要建物理師劇中他是物理師第一名的陳曰逼新增過此例之後其餘場更是全身因應折得到祖國的金融區他關心了不再的此歷史而是地國家有意處了一切演繹方向比競爛尺說一事有精心的基地比如針對中國朋友了武海地下看探師有看到其餘場大潮他持續在哪一日建議做許麗誕在利問看迷原則最認真的時候他發覺自信大科學家的價值利益使用你支援人家的這樣子必須了一本充足一種的科普動物其餘場說國家的需要就是物理專業第二科學研究是特律性活動需要參數在付出看許吸血的那隻生命感動中國在體驗支付南倫東的班牆始終使到一個人的夢想能一度大大到可就這底倉窮一個人的夢想能一度久久都能夠穿越一身23年八星度給了了一頁五百米可進的球命四個地方遠近屬於科學家總共城市南倫東政府盤務從來居然領先了中國體驗藍劍生命在世界體溫時捲客下新的高度南倫東的貢獻不僅在於體驗的進程運用也不僅在於無數的學術民作在於他的拚搏客苦改革一人性的憤怒進程合地處國地人民的無視風險與略激發當代清理的樂情因為百多福華反造他是認真的去兵調事業和理想而分的第三科學研究是穿惡性活動引證要具有穿性的精神踩到穿性精神不得不遲難以流浪學的王澤山院士王澤山是苦的有專家開能踩到專家中國工程院士嘗試重視開能踩在發明的教學研究激發發社會專業理論發明的低分感之處研究和開發了廢誌虎達藥再利用了與關理論和中部性處理之處並且在2018年獲得國家居以高科學制度下在那場科學工作和生物中王澤山場地周圍的人說自主不使用則避了走路而是使用都配實境從一個全新的角度創作一條親屬未有的心路來無論是始終新的踢虎達藥處理手段還是研發遠程地塔壓專業方法不至於寫長路段創新精神正式攻克這是世界一件事情的關鍵所在第四科學研究是經歷性的活動需要科學工作在持制日痕干預做了滿能從業務50度內帶領團力攻堅可能讓清高速指示文明阿利亞普農貨路部亞森林學學學校阿利亞普農貨阿利亞普農貨阿利亞普農貨國家居高科學學校阿利亞普農貨農貨共和國學校,17.mp4
2,科研诚信与责任伦理,本课程以奥本海默等案例探讨科研诚信与责任伦理，分析科研活动中应遵循的伦理原则，如军控五会原则，强调在核能利用等高风险领域科研人员需坚守伦理底线，避免成果滥用，维护科学公正与社会责任。,/covers/18_bd471067.jpg,/videos/18_bd471067.mp4,2,16,1,174,97.92,1,1,科研诚信,科研型,中级,"科研诚信,责任伦理,军控五会原则,核能伦理,高校教师","大家好,今天的我们的聊聊可以努力与负责人劝心。在课程开的字节,让我们看开两个方式的我们的世界。进林巴尔山口,黑时中午录来,自兵知道了赚至第一,奥本河沫在中国上演,讲述了美国原战之父,奥本河沫在阿达之间领导演质宣战了原战的过程。因为感觉,大序德国之前,制造出原子戴,以及是二泥,美国里的墨西加奥本河沫,生命与组织演质原戴。三年之后,制造了第一个原子戴,问是,俩奥本河沫下落了深深的制则,就可以之中。那么,自此成为世界的毁灭者,在学校的亲战分析的病人中,奥本河沫坚持可以领理,反定发展亲战。这种立场,起来与美国去发的立场相比比。因此,奥本河沫被不斗了作为何不立许下的总统权力,只能在物理学里域开展奖客等工作。科幻病,星期日决斥,相信大家就看过,讲出了冷绿,冷远进化为高级社会生物,叫共产地球的这个故事。其中的冷远图又有远超普通的力量,强大力量,走在24世纵之,即于万图利用这种力量的真实事业发生,当时在后的四大林,要求科学家培养住时刻住在那混合视频。因此,到这为常,封黄了迷迷,日水的这个事业。前处领事部细家,日安路府,第五位自愿新的科学的女性,也满了真相。任初,进行的绿绿和新鲜的混合视频,拿西云的事,不适合缓解,并不适合科学生的生存。在这场封黄的十一开始前,任路府引进了科学家,就全部死光了。任路府也以为为外,软力就卷明被抓了出来。软力,主为软力,就指的是处理软力关系的道理。是软力之间相互对待的,扩转处理软力之间的关系的原则。少许两个持续那种,相关的力,收到的血害,也迷迷了软力,迷迷了受互的原则。因此,可以软力就是,可以软力远于合作者。射射在生存的缓解之间,能力规范和行为选择。无家从,可以软力的资本原则,共产的资助能力,负责任券心三个方面,可以软力建议奖劲。可以软力的资本原则,包含了军阄五会原则,各个人也有购心原则,等八个原则。从轮力第一弹弄,就可以看出,军阄五会原则是可以软力的一下,资本原则,只能是可以必须在,至于地冷立军中和五会的条件下进行。在科学知识高度发展的坚定,做了军阄五会,才能从真的日盏讲科学可以成果造成绝的立示卫。今年8月24号,日本辅到第一核定场使用核物来取排海,引发了全世界各国的强力的抵制。立地与核能的利用,它的模特就只能原本是创造新的能源的彩虚。在一起能在利用可以成为了同时,使人忽视了和满顾了可以奪力的军阄入会原则。并强奖可以支援,所在的丰明一下,思加于整个立示卫。科学关系与公共议讯人者自自科学互动在新来自卫,和得很发行的线水积距。由于科学的原则,确保可以成果科学公正正式重复的条件下。",18.mp4
2,科研诚信与学术规范教育,本课程聚焦高校科研诚信问题，探讨学术不端行为如数据造假、论文抄袭等对科研质量、学术交流及社会信任的负面影响。通过案例分析，帮助教师识别科研失范风险，强化科研伦理意识，促进学术规范实践，维护学术界的公信力与健康发展。,/covers/19_59817ef6.jpg,/videos/19_59817ef6.mp4,1,12,1,162,93.51,1,1,科研诚信,科研型,初级,"科研诚信,学术不端,高校教师,学术规范,科研伦理","作曲大家好,我們繼續上課本集課主要講許多不斷的閻想許多不斷的閻想主要請了以下幾個發明選害許多生日許多不斷的閻想許多不斷的閻想可高興和可心動至老折日選害許多生日和閻想營養許多的閻想會許多教育了正常進行這不僅會讓許多生日和閻想是取信任和尊重也會使許多生日和閻想影響許多引力了止量和進展許多不斷的閻想會引掌許多引力的止量和進展使得許多引力的激固不準確不可靠甚至可能導致可願引力的誤導與失敗同時許多不斷的閻想也會破壞許多交流和合作主要許多引力了進展選害許多引力的各聯合團結的生日屈术不斷卸为不将会损坏屈术界整齐的生日也会让屈术严谨的各种和生日团体的生日受了宣誓导致此事去卸任何军动这不几回的屈术引用者来词义发展和工作知会到的影响也可能避迟各种和团体的形象和力才能尝试了复敏影响破坏屈术严谨的工程性和工民进人屈术不断卸为会破坏屈术严谨的工程性和工民进人死人的是不捐责屈术规范和道理的人或者串尺战聚不断拿来因此地位从而影响屈术严谨的工程性和工民进人波及屈术严谨的相关的其他领域屈术不断卸为可能会影响与屈术严谨的相关的其他领域一如一聊工程环境的不自豫的屈术严谨机果可能会道子不自豫的决策从而对冷泪进行环境保护这社会稳立的发明造成影响总之屈术不断卸为会引动影响屈术严谨和屈术交流的工程性可高性和可行动破坏屈术严谨规范和道德对屈术界屈术严谨在各冷和传奇的生日屈术严谨了质量和进展工程性和工民进展等方面带来封明一下因此保护屈术严谨和被迷屈术不断卸为对屈术界和整个社会来说都是非常重要的主持人士正式发生了屈术不断的影响力第一美国使用事件恨的理科使用1970年生日德国1980年正式加盟必要生日日后新任日常二多位引力的员合作在短暖200多时间里一颗志在指甲圈里作秘学生吃干了发表了试词评论文屈术界的都是操导分子低落和分子进行的接邻域其中一是研究台北任民事突破性比任民事辞造会的路达讲但齐大科学家无法重复使人的声音机过尤其是科学界怀疑的是使人的很多论文去年秒数的一切力不同是毕端的实验但不认输劲看去却并不一样这种数据根本因此随之了这极端以外特殊以后必顾是因时2002年5月尤其是5月内界科学家主持人独立调调调调调调调调调调剧综论力在1998年自2001年之间使人指导在十一笔轮文中你一照或者穿给了是一数据将举此必顾是因时将此开除第二日本都比较合成之间二列第五年都比较教授在美国科学开悟自然上发表关于控制日讯之间的日讯了吗以后必须",19.mp4
2,科研诚信基本概念与规范,本课程系统讲解科研诚信的核心概念，包括科学研究定义、学术共同体内涵及科研诚信基本价值观。重点阐述诚实学习与诚实科研的具体要求，涵盖独立完成作业、真实记录实验数据、规范成果发表等关键环节，帮助高校教师掌握科研活动中的基本伦理规范与操作准则。,/covers/110_bee598a9.jpg,/videos/110_bee598a9.mp4,1,11,1,148,89.14,1,1,科研诚信,科研型,初级,"科研诚信,学术规范,实验记录,成果发表,高校教师","《同学们好》,我是纵了大学,圣命科学学员的胡志华老师,本节制设点,学习内容是《小数成圣基本干念》。《一,辰述言究》,辰述言究要称为科学言究,四字字在底线进行和实际进行指引下,用科学的方法进行探索求知,以获得心知识、心理论和心方法及其应用的行为。二,属世共同体,属世共同体是二世纪英国哲学家,马克尔波兰尼提出的,他迟变于一般的卸费重提或卸费组织。《小数共同体,似具有相同或相亲的价值耻相,进行遵征和特殊专业智能的人所做成的,为了共同的价值底练或兴趣目标,并终手共同的道德规范,相复宗众,相复联系,相复影响,共同推动,属世发展的重提,三,属世呈现,国际属世呈现中心应为,属世呈现是一种承诺,即使在医生中也要坚持的又向基本价值观,丞实圣任公平,宗众责任和容器,一丞实,只有丞实学习,丞实可言,丞来推荐知识和真理的追求,一丞实学习,就是要严格按照教师的邀请完成作业,论文和考试等学习应误。不论是个人作业,还是需要小组胡作完成的作业,最重要的是要独立完成自己应当做的部分,而不应借用别人的观点,或参加别人的作业的内容,更不能抄袭或表现,考试无能作弊,二,丞实可言,包括丞实做实验,丞实做实验的关键是金客有下的完成实验,真实的记录和展示实验数字,不论是使用实验记录本,还是记胜机,都必须使验记录完整而精确的反映实验过程,做完实验后要尽快精确的记录结果,而不是事后品记忆不记,如果实验失败后,重新做实验,可以将有花记录,标志为错误数字,但不能谁一消毁或三尘,绝对不能伟造,捏造实验过程,或者不扎说明的,借用他人的实验结果,即使实验不符合你的假设,或者没有此的硬核有炸滋的结果,都要尘实的记录,不能改动,并公布数字或者隐门不好的结果,2013年,英国医术协会,决定将选择性,不公布,不愿看到的实验数字,列为小数不单行为,如果医术从业营员,制决发表实验结果的行为,将由英国医术协会,苹果其职业资格的正方向,",110.mp4
2,科研诚信案例教学：施一公的学术追求,本课程以施一公教授为案例，探讨高校教师在科研活动中如何坚守初心、追求真理。通过分析其从海外归国到推动清华大学生命科学发展的历程，强调科研诚信、学术责任与家国情怀的重要性，引导教师树立正确的科研价值观，在个人奋斗中融入“大我”意识。,/covers/111_bef81f92.jpg,/videos/111_bef81f92.mp4,2,16,1,177,98.96,1,1,科研诚信,科研型,中级,"科研诚信,学术责任,高校教师,案例教学,师德师风","《同學們好》,我是中南大學生命科學學院的胡德華老師。本節的字是點,稱歌《正法案例》掌宿科學家的人生成。同學們,我們為什麼要上大學?我們為什麼要搞科研?不忘初心,才能花得死中。下面,我們以思義工為案例,掌宿他的人生追求。接下來,我們用一個段片來瞭解思義工的成長地成。在中國傳統的教育體制裡,思義工是點心的學吧。思義工1967年出生於荷蘭鄭州。父母親給他取了一個富有時代特色的名字,義心為功。兩歲的時候,思義工隨父母下訪到荷蘭省駐馬店地區的一個小村莊裡。思義工讀完了小學和初醫,隨後,趕路荷蘭省實驗中學。高二十,因為取得荷蘭省數學競賽的第一名,並獲得全國數學競賽和物理競賽的一等獎和二等獎。思義工成為北大清華南開等高校,都想要保送陸取的對象。思義工為清華大學陸取成為清華大學生物系復習後的小技本科生。就像你說的,我已經極其信任了,我有什麼細理不平衡呢?小時候的目標,直到九歲、十一歲都是長大每天能吃一個蘋果就很滿足了。根本沒有想到能使用電話,還有汽車,還有電視,但我能做什麼呢?我一能做的是把我的作用發揮到極致,如果我的做法能讓國家往前走一步,自自然它沒能往前走一大步,因為整個國家前進了。這就是我們所有人希望達到的一種境界、一種目標。面對廣闊的事業發展前進,和優約的深刻條件,二零零七年,四十歲的思義工,做出了一個那樣數字研究部級的決定,全職回國,回到母下,親華大學。是一種為什麼要回國?普林斯東大學,分子生物系主任認為,它回國就是因為拿錢,拿得更多了,大育更好了。大事實上,真的是這樣嗎?我可以毫不優秀地講,為這個一換不回國,但是我從來沒把這個東西放在眼裡,不僅當時沒放在眼裡,就量我勤奮調導的時候,做博士生拿幾百塊美元的收紙的時候也沒放在眼裡,儘管錢對我很重要,錢中都重要重要,但是我認為,男子和大丈夫把錢作為最重要的東西去奮鬥,全完蛋了。還分鬥啥呀,那你為什麼回來?為的是什麼?改變我的母校,改變,當然了當時,改變母校,當然了當時就這麼想的。改變清華的學生,就是希望三比一的清華學生能夠在個人奮鬥,實現自我價值的時候,腦子裡有一個大我。2009年之前的25年裡,清華大學生命科學在三次與NATCH的期刊上一共只發表過一天文章。而在2009年之後,四億公開到清華大學的89年間,清華大學隨著這兩本領寄期刊上發表了80多天論文。同性作者,第一作者,中來自清華大學,這幾夫說是大學發展的期計,2015年,四億公開的殺戀團隊,解釋了超高風變率的簡潔體三為極構。建議成果被列界稱為近30年來,中國在基礎生命科學領域被世界科學做出的最大貢獻。四億公開說,他40年做了一件事,就是成家敵內,又用了10年做了第二件事,就是幫助母校,清華大學,新說的發展。",111.mp4
2,学术不端行为定义与类型解析,本课程系统讲解学术不端行为的定义与主要类型，包括剽窃、伪造、篡改、不当署名等具体表现形式。通过案例分析帮助高校教师识别科研活动中的违规行为，强化科研诚信意识，规范学术实践，提升科研道德素养。,/covers/112_4a9f8fb5.jpg,/videos/112_4a9f8fb5.mp4,1,13,1,153,90.39,1,1,科研诚信,科研型,初级,"学术不端,科研诚信,剽窃,伪造,不当署名","《同學們好》,我是中南大學生命科學學院的活動華老師,本節知識點,學習內容是學術不單行為的定義與類型。1,學術不單行為的定義,學術不單行為,四字高等學校的教學科研營員,《管理營員》和學生以下減輕科研營員,在教學研究及相關活動中發生的違反工人的詞術準則,違背科研呈現的行為,美國國家科學院將詞術不能行為定義為,在新請客題實施研究報告結果的過程中,出現了捏造、串感或操績行為,主要表現為偽造、串感、操績。2,手術不單行為的類型。俗術不能行為主要包括,調切、偽造、串感、不當使命、意搞都頭重複發表、違背研究能力及其他科研釋放行為。1,調切。調切是,行為人通過三件補充等手段,將他人作品、卡頭、販面,而沒有改變原有作品的實際內容和切除他人的創作、手續思想或為發表成果,作為自己的作品花表。包括觀點調切、文字表示調切、數字調切、圖片和音視頻調切、研究、實驗方法調切其他未發表成果調切。整體調切,業稱之為超戲,是行為人將他人作品、全部或部分的緣分不動的或少做卡動後作為自己的作品發表。2,偽造、偽政的表現形式包括編造不已實質調查或實驗取得的數字、圖片等。偽造無法通過重複實驗而再次取得的樣品等。編造不符合實際或無法重複驗證的研究方法、結論等。編造來為論文提供諮衝的資料、詮考文件編造論文中相關研究的資助來源。編造審搞人信息、審搞意見。3,喘感、喘感的表現形式包括以使用整個善置修改、挑選、三簡、增加的原始調查記錄、實驗數字等。使原始調查記錄、實驗數字等的本意發生改變。聽見不同圖片,從而構造不真實的圖片,從圖片整體中,適持一部分或添加一些詩構的部分,使圖片的解釋發生改變,增長模糊移動圖片的特烈部分,使圖片的解釋發生改變。3,改變所引用文獻的本意,使其對極有利。4,不當使名,不當使名的表現形式包括以將對論文所協計的研究有實際上供應的文章。4,不當使名的表現形式包括以將對論文所協計的研究有實際上供應的人排除在作者名當外。",112.mp4
2,科研诚信规范与失范行为识别,本课程系统讲解科研诚信的基本规范，重点分析科研不端行为的认定标准，包括捏造数据、篡改成果、不当署名等具体情形。同时探讨团队协作中的诚信要求与审稿专家的伦理责任，帮助高校教师识别科研风险，强化诚信意识，规范科研实践。,/covers/113_a23ccef3.jpg,/videos/113_a23ccef3.mp4,1,12,1,161,93.18,1,1,科研诚信,科研型,初级,"科研诚信,学术规范,科研不端,高校教师,科研伦理",《同學們好》我是中南大學生命科學學院的胡志華老師本節之事點 熟悉內容是熟悉不單行為的建令以教志工熟悉不單行為的建令教志工自由以下情形之一的被認定為熟悉不單行為以慶發單位或他人知識產傳慶團或戰友他人成果時報 訪報成果的在熟悉工作中捏 衛造 串感研究成果數字資料或引用資料的三 操戲或表現他贏以發表或為發表熟悉成果作品 熟悉觀點的是 衛造或參感數字文獻捏造40的五 衛造知識的因為為參加創作在他贏熟悉成果上使命的其 衛生他贏時刻無當使用他贏使命的把暫填寫有關過癮 手術情況表中不如實填寫 熟悉真歷 熟悉成果偉造專家建令 正式去其他學歷熟悉能力證明查料的就其他違反規定和熟悉到的行為二 失散團隊 熟悉不單顯微的建令失散團隊 具有以下情形之一的認定為 熟悉不單顯微一 團隊所有成員 殺孔文投稿 專利申請成果生報和擴集新報之前為 整 所有 原 史 數字或 圖片 等 全部 查料 提交團隊 熟悉 違 會 選 合 或定 搞團隊 紮圖 研究 生 不 像 內容 中 書 選 合二 團隊 所有成員 早 槍 手 或公司 大 喜 太 頭 論文偉 造 或 唱 感 科 言 數字的三 團隊 所有 成員 殺孔文投稿 專利申請成果生報和擴集新報前與 史 名 包 挖 團隊 應 合其他 成員為 整 扇 扇 每 一 位 史 名 者 之 情 同 意 的四 團隊 所有 成員 殺孔文 投稿時由 團隊 負責人 為 通信 作 者 當 衛相 團隊 科 言 總監獲取 演 投稿 其 看 的 投稿 系 同 用 負 名 和 密 馬 失 字 投稿的三 審 搞 專 家 屬 迅 不 單 行 為 的 戒 令審 搞 專 家 自由 以 下 情 行 之 依 的被 認定 為 詛 詓 詓 不 單 行 為 以 違 被 詓 詓 到 得 的 平 寫論文 平 寫 中 孤 息 合 言 不 短 的 行 為 或者 依 去 非 詓 詓 因 受 平 寫等 用 戒 令 為 違 被 詓 詓 到 得 的 平 寫其 表現 形式 包括 以 被 發現 搞 占 中 的 實際 缺 線 合 言 不 短 行 為 事 而 不 見二 以 助 者 的 國 集 性 別 民 族 興 奮 立 位 立 域 以及 所 受 單 位 性 值 等 非 詓 詓 因 素 等而 非 論文 的 科學 價值 緣 創 性 合 鑽 寫 質量 以 計 於 其 咖 範 為 合 宗 子 的 相 挂 性,113.mp4
2,科研诚信预防与惩处机制,本课程聚焦高校科研诚信教育，涵盖学术规范教育、政策法规约束两大预防手段，以及批评教育、取消资格、撤销学位等惩处方法。详细介绍了中国知网检测系统、同行评议等学术不端检测机制，并解析了《科学技术进步法》等国家层面法规，帮助教师全面理解科研诚信管理体系，提升自律意识与规范实践能力。,/covers/114_8ad73f05.jpg,/videos/114_8ad73f05.mp4,2,11,1,146,89.65,1,1,科研诚信,科研型,中级,"科研诚信,学术不端,政策法规,预防机制,高校教师",《同学们好》我是中南大学生命科学学院的胡大豪老师本次四年学习内容是学术不单行为的预防与沉浸学术呈现教育和政策法官是促进属术呈现预防属术不单行为的两大法宝学术呈现教育是类演因素主要场调自律 习功能是资本政策法官是万显因素主要场调塌率 习功能是自标只有标并坚知 才能规避和解小属术不单行为的发生属术不单行为的预防与沉浸包括自立和塌率自立主要是加强属术呈现教育我笑得本科生中开心了属术呈现与属术规范公选课在研究生 包括授示研究生不是研究生中开心了属术呈现与龙龙协作必修课他立包括属术共同体约束神经法规则 民法规则和刑法规则一二学和科研机构等属术共同体约束一大学余合预防属术不单行为一是加强属术呈现教育二是加强本蛇博 蛇威乐文 呈现检测大学对属术不单行为有拿些沉浸方法呢大学对属术不单行为沉浸方法主要有批评教育通报批评 取消进行职程资格心报计划客题资格 项目承担资格职务资程降级 等退回项目经费扎款不受允学会撤销学位 正式宣布无效继续呈现系统二 属术期康 但属术共同体优势期康余合预防和呈现属术不单行为一 属术不单检测主要有中国之网检测系统Crisis Check Report 等同哈评议与边界责任资三 退稿 撤稿 税幅教育温馨提示等二 神正法 归字全国人大地法层面中华营民共和国科学技术进步法国务院敌法层面国家科学技术奖励条例国家自然科学基金条例政府部门规章层面科技部等部门颁布的相关条例2018年5月中共中央办公厅国务院办公厅颁布了刮与进一步扎长科研呈现建设的乐感意见严重违背科研呈现将中心追究首次明确科研呈现管理的职责风功科技部中国社科院封闭负责自然科学领域和责任社会科学领域科研呈现公正的统筹协调和红管指导自然科学领域造假监管由科技部负责责任社会科学领域造假监管由中国社科院负责行业职管部门要明确要承教育医疗,114.mp4
2,科研论文署名规范与责任,本课程基于ICMJE推荐规范，系统讲解科研论文作者署名的四项核心标准与责任要求。内容涵盖作者资格认定、署名伦理、贡献披露及致谢规范，帮助高校教师明确署名权责，识别学术不端风险，提升科研诚信意识与规范实践能力。,/covers/115_3ce1f2ff.jpg,/videos/115_3ce1f2ff.mp4,1,15,1,169,95.39,1,1,科研诚信,科研型,初级,"科研诚信,论文署名,作者责任,ICMJE规范,学术伦理",同學們好 我是中南大學生病科學學院的郭衣老師本節我們將討論 作則屬名的相關問題在學術村流傳的一句話Public or Paris意思是科研院如果沒有論駐發表子業深雅將來以為繼對於所有學科的科學家而言科學貢獻的大小是根據文章加以恒良的文章是科研公道者的資本它也構成了獎勵和子業發展的基礎對做著身份的追求產生了科研論文署名中的學術部端行為因此 屬名是科研呈現的重要內容之一各個學科的期刊或學術研究機構都有關於做著身份的規範和子欄但國際上影響最為廣泛的屬名準則是由國際醫學期刊編輯委員會ICMGE定義1978年ICMGE制定的生物醫學期刊投稿統一要求其中提出了有關做著屬名資格的規定藏起來被國際期刊界視為金標準在過去幾十年間他一直不斷進行修正更新二連一三年八月他修訂時更名為學術研究實事與報告和醫學期刊編輯發表的推薦規範簡稱ICMGE推薦規範ICMGE推薦規範提出要成為作則必須同時符合以下四條標準一對概念和設計數據收集或數據的分析和解讀做出實質性重要過限二其討論文獲得重要的實質性內容進行精心的修改三對加要發表的版本做最終定稿是同一對研究工作完全負責以確保任何對於研究準確訊或呈現有關的質疑得到恰當的調查和解決文章中列出的所有作者都必須符合以下四條標準且所有符合以下四條標準者軍必須被列為作則同時ICMJ也建議對於滿足第一項標準的人員因給予其滿足另外三項標準的機會也就是參與稿件的審閱起草以及最終定稿作者身份賦予作者學術名譽同時作者必須認識到自己的責任作者主要執著包括一獨創性這項研究工作所一具的理念必須是原串的如果不是原串的那麼最一理念的來源必須在論文中得到承認和呈現二則認作者必須確保他們願意對論文的真實性存當完全的公務責任在整個研究和出版過程中作者必須遵守標準和法定道的規範他們還必須確保獲得適當的許可並對研究項目進行註冊例如輪理委員會的審批民傳實驗項目的註冊等三披露是想在遵守期刊投稿要求時作者有責任做到坦誠作者必須披露內容的原串性成熟作者對研究的實際貢獻以及財務和利益衝突披露根據ICM這一建議的作者屬名準則對於那些不具備屬名資格卻為研究做出貢獻的人通常在科學論文的自卸部分進行感謝自卸對象包括但不限於以下這種情況提供科研資源協助完成研究工作在研究工作中提出建議的人對研究團隊進行綜合監督工作或者提供一般性的行政管理支持省院或修改者研究對象在自卸部分應該指出具體的貢獻例如過去科研基金編寫程序提供實驗材料等並且自卸前因真的被自卸者的同意和簽名,115.mp4
2,科研诚信：期刊选择与投稿规范,本课程针对高校教师在科研论文发表过程中的期刊选择问题，详细讲解如何根据期刊目标范围、文章类型要求和影响因子等因素，科学选择投稿期刊，避免因期刊不匹配导致的退稿风险，提升科研成果发表效率与规范性。,/covers/116_52af2a13.jpg,/videos/116_52af2a13.mp4,2,14,1,166,95.7,1,1,科研诚信,科研型,中级,"科研诚信,期刊选择,投稿规范,影响因子,学术发表",【中南大學生命科學學院】同學們好 我是中南大學生命科學學院的郭衣老師本節支持臉學習內容是如何選擇投稿期刊在如今科學研究競爭如此激烈 文章成出不窮的情話下一個研究成果如果短時間內不能發表那就時間越長越狼發表將搞建提交給最合適的期康 會增加期在較短時間內發表的可能性根據世界上最權威的期刊目錄 污力吸國際期刊指廊目前全世界的期刊總數高達30多萬種SCI期刊也有1萬2000多種所以說選擇一本恰當的期刊是一件非常困難的事情但是作為論文發表的第一步 選擇合適的期刊對於作者至關重要那麼我們怎樣從眾多的期刊中Sci選出最適合自己的投稿期刊呢?下面我將一一敘述選擇投稿期刊需要考慮的主要因數很多論文甚至在進行銅韓評審前就被完全退稿處理其原因是論文不適合期刊的目標和範圍或不符合期刊的獨得群所以我們在投稿之前必須確認稿建主題是否在刊物偵稿範圍內減少因為不符合期刊投稿範圍而被拒絕的可能性我們可以通過以下三種方法來分析首先可以通過Web-al-size-scoper-pmad等素質庫進行減鎖分析在這些素質庫中輸入文章的關鍵詞進行減鎖可以得到發表類似研究成果的期刊如果目標期刊在過去五年內發表了範圍和主題與你的稿件相似的文章這表明稿件適合該期刊其次每個期刊在主頁上都描述了期半刊終止和範圍包括研究的重點領域、感興趣的學科專業、讀者期望等花費時間對這些信息進行了解將有助於選擇投稿期刊我們也可以對稿件的參考文獻進行分析如果一個期刊出現在你的稿件的參考文獻中不只一次那麼它很可能會發表類似的研究工作可以考慮將其作為後選的投稿期刊第二個主要因素是期刊陸用的文章類型許多有影響力的期刊不發表病例報告和病例研究等類型的稿件例如英國外科砸字像這些期刊提交資料稿件會遭到拒絕並且浪費了保貴的投稿時間期刊陸用的文章類型可以從期刊主頁和作者指狼來確定也可以通過Parmad數據庫的文獻類型限定來分析期刊發表的文獻類型第三個因素是要考慮SCI期刊的影響因子也就是IF字影響因子 Impact Factor 是美國科技信息研究所所長Ugion 加弗爾的博士於1972年提出它是期刊引證報告數據庫接近R2中的影響數據目前影響因子是國際上通行的期刊評價指標通常影響因子越大 它的學術影響力和作用也越大不同學科的期刊之間影響因子存在較大差異投稿時 因結合自己的研究領域 研究內容盡可能的選擇影響因子高且幫他範圍於稿件主題相符的期刊有的期刊主業會,116.mp4
2,科研投稿材料准备与规范,本课程针对高校教师在科研投稿过程中的材料准备要求，详细讲解稿件格式、投稿信撰写、利益冲突声明、版权协议等关键材料的规范准备方法。帮助教师避免因材料不全或不符合要求导致的投稿中断，提升科研投稿效率与规范性。,/covers/117_90162d08.jpg,/videos/117_90162d08.mp4,1,9,1,155,91.87,1,1,科研诚信,科研型,初级,"科研投稿,材料准备,学术规范,利益冲突,版权协议",【鎮】同學們好我是中藍大學生命科學學院的郭宜老師本節支持點學習內容是搞建及相關材料準備選擇好投稿期刊以後下一步就是準備投稿材料投稿材料應該包括所有其他編輯和審搞人要審查搞建必備的藥署它包括論文本身和其他相關材料在投稿之前我們應該準備充分以免在投稿過程中因為缺少了某一項相關材料而導致投稿中斷首先是稿件的準備選擇好投稿期刊後仔細閱讀作責指南中的各類投稿要求例如JNU Relay級的作責指南投稿發誓部分詳細講述稿件投地的方式投地的所有材料投地時的操作程序的稿件格式部分提供了詳細的稿件編排和格式樣例投稿之前必須充分閱讀指南將學術論文援稿嚴格尊噪期刊的稿件要求進行格式和語言的修改避免初始稿件準備不足引起的審稿延辭有的期刊例如Litreau會為作者提供一份稿件提交清單其中列出了提交稿件所需的相關材料作者可以按照這個清單準備稿件其次是相關材料準備不同期刊的投稿需準備不同的相關材料以下為期刊投稿時所需的基本相關材料包括投稿性利益衝突揭露表版權長按協議其他核微資料如數據可獲取性聲明倫尼審查書等投稿性Covidator是一份向編輯介紹你的論文的信獲勇件Covidator應該解數稿件的核心內容主要發現和意義以及為什麼適合該期刊並聲明稿件無意稿多頭披露利益衝突關係以及對稿件處理有無特殊要求的不同期刊的具體要求不一在期刊主業的作者子郎一般會說明如果無具體要求則可按通用要求處理性的墨尾附上通訊做者的信名所屬機構植物通訊地址電話傳增和Email地址投稿性是作者與編輯溝通的橋樑應該措施有理與言簡潔敘述打要表達清晰二 利益衝突揭露表投稿時還應該提供一份揭露任何潛在利益衝突的聲明要求作者披露與研究工作相關的財務支持與商業機構的利益關係等信息以便瞭解該研究的結果及觀點是否刻觀公正該聲明確認以下事項著名裡收到的所有財務支持投稿性包含所有有可能被視為利益衝突的任何財務與商業關係沒有切數任何會導致研究結果偏移的文件已經做到期刊投稿規定中的個線要求或是已經遵守了ICMJ一指欄的規定如果期刊沒有要求才用通用的利益聲明模擺目前國際上的雜誌多採用國際醫學雜誌邊境委員會ICMJ一發布的利益衝突信息披露表每個作者都必須閱讀並填寫此表單即使你沒有任何要披露的內容通訊作者因向每位作者收集一份完整的表哥並水稿件提交所有以簽名的表哥三版權轉彈協議版權轉彈協議是指未一刷轉載再版等而轉讓注目權的法律文件每一期刊都有自己的版權協議需要屬於,117.mp4
2,在线投稿流程与科研诚信要点,本课程详细讲解在线投稿系统的具体操作流程，包括EES、ScholarOne等主流平台的使用方法，重点强调投稿过程中的科研诚信要求，如作者署名规范、数据真实性确认和避免学术不端行为，帮助高校教师掌握规范的论文投稿实践。,/covers/118_76854de9.jpg,/videos/118_76854de9.mp4,1,12,1,171,96.63,1,1,科研诚信,科研型,初级,"在线投稿,科研诚信,学术规范,论文发表,高校教师",【隔壁中文字幕製作】同學們好 我是中南大學生命科技學院的郭毅老師本節支持點學習內容是在線投稿的具體過程以及注意事項論文投稿方式主要有三種 紙質投稿 以MAL投稿和在線投稿系統投稿紙質投稿一般需要將稿件打印幾份 郵寄給期刊編輯部有的期刊還要求郵寄論文的軟盤或關盤以MAL投稿就是將論文以副屆形式發送給編輯在線投稿系統是國外期刊所採用的主要形式具有直觀 迅速和翻編等特點隨著副聯網的發展 紙質投稿及Email投稿越來越少絕大部分期刊採用在線投稿系統進行投稿目前常見的在線投稿系統有SWARE Editorial SystemIDITRAE MALOGYSKOLLE1EJPRACEHARGEODENSWARE是世界上最大的醫學與其他科學文獻出版社之一是科技期刊的作者在線投稿專家在線審稿和編輯部管理投稿和銅航評審系統目前有約2000種期刊使用EES系統ADITRAMALOGY是目前使用最為廣泛的網絡投稿與審稿系統之一目前有5000多家學術期刊使用例如NATUREPLASWANT等期刊全都使用在線投稿系統SKOLLE1是貪生路透旗下的產品SWAREINGYWeylin Blackroyal等著名出版集團國電氣電子工程學會IEE美國化學學會ACS英國環家學會等學會New England Journal of MedicineConsour等知名期康都採用該投稿系統另外還有AJPRAISECARGER等其他投稿系統下面我們以SWAREEDETRAMALOGYSISTAN為例演示一篇論文的完整投稿過程使用EES系統投稿需確認以下幾點首先是與選擇好了目標投稿期刊其次第一次使用EES投稿系統需要現在EES系統註冊為作者用MacSource Word的準備稿件並且確認你的稿件符合期刊的具體投稿要求在SWAREEDETRAMALOGY期刊主業點擊Logging進行EES系統的登錄這裡我們以MALOGY的Basis or DCEZ期刊為例講解EES投稿過程在該期刊的EES系統登錄頁面上輸入用戶名和秘密當機OtherLogging按鈕以作者身份登錄登錄後進入OtherMALOGY及作者組菜單頁面因為是第一次投稿當機Submit New Malice Character進入提交新稿件頁面第一項是選擇文獻類型在該頁面底部的下拉菜單中進行選擇這裡有四個選項Reviewable PaperReviewable PaperReviewable PaperReviewableReviewable選擇文獻類型後點擊Neggse進入下一項第二項是輸入標題這裡需要填寫論文完整的標題論文的標題一般有自輔助限制要嚴格遵循期刊的作者只能要求輸入標題後點擊Neggse按鈕進入下一項作者信息頁面在作者信息頁面一次添加所有作者性名和詳細信息系統會自動將註冊的作者身為通訊作者因此,118.mp4
2,科研诚信：一稿多投与重复发表防范,本课程针对高校教师在论文发表过程中常见的学术不端行为，重点讲解一稿多投和重复发表的定义、表现形式及严重后果。通过案例分析，帮助教师识别并避免这些违规行为，提升科研诚信意识，维护学术声誉和期刊公信力。课程强调遵守投稿规范、尊重版权和学术伦理的重要性。,/covers/119_94ba23c2.jpg,/videos/119_94ba23c2.mp4,1,9,1,152,90.95,1,1,科研诚信,科研型,初级,"科研诚信,一稿多投,重复发表,学术不端,论文发表","同學們好 我是中南大學生命科技學院的郭毅老師本節支持點學習內容是瞭解什麼是藝稿多頭和重複發表避免論文發表過程中的學術不單行為藝稿多頭是指在未告知期刊編輯的情況下同時向兩種或兩種以上的期刊投帝同篇論文的學術道德思範行為藝稿多頭包括將以發表的論文向其他期刊投帝也包括向另一家期刊投帝正在評審中的論文藝稿多頭有多種表現形式一 完全相同行投稿不做任何改變的藝稿多頭二 知解行投稿將一篇文章封為最小可發表單位進行投稿如作者把A文章封為B文章和C文章然後把ABC三片文章投帝給不同的期刊三 改頭 畫面型投稿作者緊對文章題目作出改變而結構和內容沒有大的變化四 組合型投稿除了改化文章題目外對斷落的前後連結關係進行調整但整體內容不變五 與總變化型投稿作者把以中文發表的論文翻譯成英文或其他外文不告知期刊編輯在國際註冊權公約地約國的期刊上發表藝稿多頭的作者錯誤的認為即使論文被多個期刊接收但最後只選擇在一種期刊上發表不存在違規問題實際上藝稿多頭除嚴重違反反權法及危害科技違憲的公信度外還危害作者的學術層性嚴重影響作者的生育或學術人力造成嚴重的後果藝稿多頭會導致侵犯反權或把權糾紛導致學術和科學資源浪費因為將有兩家或多家期康後費時間和財力從事相同的工作一旦發現藝稿多頭所有期康會對論文不需評審立即舉稿期康可能禁止該作者以後或在特定時間段內投稿期康可能會將作者的行為通知期學術單位期康還可能會將作者的行為通告其他期刊編輯將作者落入多家期刊的黑名單如果你要向立家期康投帝某期康正在評審中的論文必須獲得論文合作者的書面同意向第一家期康編輯提交書面說明要求撤回論文獲得第一家期康編輯關於終止評審的正式通知保存此通知並在投稿時提交給第二家期康如果你撰寫了兩篇相關的論文並希望向兩家不同的期康投稿向兩家期康公開每篇論文的詳細信息告字編輯你有一篇相識的論文正在接受另一家期康的評審投稿時應付有相關論的附件重複發表式指某作者發表與自己以發表論文內容雷統的文章而不清晰和明確引用之前以發表論文也未經原版權持有者同意論文重複發表是一種嚴重違反發表道的行為其理由無下一,論文的版權屬於期康而不是作者重複發表將侵犯版權重複發表往往半歲的學術造假作者為掩蓋重複發表的事實常常偽造修改部分實驗數據三,可能誤導實驗性證據讀者會加謀祖結果、誤解為兩組從而我都會說",119.mp4
2,科研诚信与同行评议机制,本课程介绍科研诚信中的同行评议机制，涵盖单盲、双盲和公开评议等类型，详细讲解论文提交、评审流程及评审意见处理。帮助高校教师理解学术评价体系，提升科研诚信意识，规范学术发表行为。,/covers/120_8360a090.jpg,/videos/120_8360a090.mp4,1,14,1,177,98.12,1,1,科研诚信,科研型,初级,"科研诚信,同行评议,学术评价,论文评审,高校教师",同學們好 我是中藍大學生命科學院的郭毅老師本節我們將了解什麼是投涵品義怎樣回復評審專家的意見和問題以及論文接受和發表後還須做哪些工作同學評議P.M.Riview是指從事相同或相近專業領域研究的專家學者對本專業領域學術技術成果的評價是由科學共同體作為質量控制的機制提出來的其最終目的是通過過濾掉無效或質量較差的學術成果來維護科學的完整性同學評議是學術評價的主要方式同學評議的最殘疊的類型是1.單滿評審作者不知到誰是審搞人但審搞人知到作者身份單滿評審是科學期間中同行評議最殘疊形式另一名評審是審搞人陳時的給出評審結果而不必擔心作者的批評但是由於知到作者身份審搞人可能會帶有偏見例如基於性別或國際的歧視等而衰滿評審審搞人不知道作者身份反之依然這是社會科學和人文科學期間中同行評議的最殘疊形式衰滿評審可以更公正的進行研究判斷義務偏見三公開評議所有參與者都知道作者和審搞人的身份使用這種形式的同行評審的期刊較少是發表後同行評議評議專家在開放訪問平台上對發表的論文進行評價發表後同行評議是對出版前評審的補充而不是代替同行評議的過程可否類以下幾步一提交論文通訊作者和頭寶人通過再線頭寶系統將論文提交至期刊二邊締出審搜到稿件後主編首先會檢查該論文是否適合該期刊是否具有足夠的原创性和缺血性否則該論文可能會被直接劇搞而無需進行任何進一步的評審然後再根據該期刊的作者子籃檢查論文的格式和編排如果不符合將發揮作者進行修改並重新地交三 審搞人評審編輯將稿件發送給他認為合適的審搞人一般兩到三人各期刊之間會有一些差異審搞人接受後進行評審並撰寫書面評審意見協助編輯做出最終的決定評審意見是對論文的一種嚴格的學術判斷應該包括總結論文的主要成果和量點或是在寫作風格數據掌勢補出實驗最新進展等方面進行改進的建設性意見是編輯評估評審意見編輯在作出總體決定之前會綜合考慮所有反回的評審意見並作出最終決定如果評審意見差異很大編輯可以邀請其他審搞人進行審搞以便在作出決定之前獲得更多的意見無傳達最終決定編輯將包含審搞意見的決定告知作則評審是否祕名將取決於期刊採用了同行評審的類型決定包括三種情況接受劇搞和反修如果接受則論文將等待發表如果文章被劇搞則編輯因將審搞人的建設性評論發握給作則以幫助作則改進文章同時還應該告知審搞人最終審閱結果如果將論文發揮作則進行反修則審搞人後續將收到修改後的新版本請按讚、訂閱、按讚、按讚、按讚、按讚、按讚、按讚、按讚、按讚、按讚、按讚、按讚、按讚、按讚、按讚、按讚、按讚、按讚、按讚、按讚、按讚、按讚、按讚、按讚、按讚、按讚、按讚、按讚、按讚、按讚、按讚、按讚、按讚、按讚、按讚、按讚、按讚、按讚、按讚、按讚、按讚、按讚、按讚、按讚、按讚、按讚、按讚、按讚、按讚、按讚、按讚、按讚、按讚、按讚、按讚、按讚、按讚、按讚、按讚、按讚、按讚、按讚、按讚、按讚、按讚、按讚、按讚、按讚、按讚、按讚、按讚、按讚、按讚,120.mp4
2,科研伦理与纽伦堡准则,本课程以二战期间纳粹医生的人体实验为案例，介绍科研伦理的重要性与历史背景。重点讲解纽伦堡审判及其确立的科研伦理基本原则，包括自行同意、善行、不伤害和公平原则，帮助高校教师理解科研活动中应遵循的行为准则与规范，提升科研诚信意识。,/covers/121_f0739410.jpg,/videos/121_f0739410.mp4,1,15,1,155,90.78,1,1,科研诚信,科研型,初级,"科研伦理,纽伦堡准则,人体实验,高校教师,科研诚信","童學們好,我是中藍大學生命科學學院的劉院蘇老師本字是點學習內容是科研倫尼指南科研倫尼是指在河科學院就有關的活動中研究人員與研究對象之間、研究人員之間、研究人員與社會之間因尊尋的行為準則和規範他對保證科研有意義於人類,有利於社會發展具有重要的作用是倫尼學重要組成部分科學院就在人類歷史上具有很長歷史但倫尼問題是從第二次世界大戰期間人體實驗才開始引起人們的重次德國在二戰期間建立了很多集中營集中營的囚犯被視為不值得活著的生命不僅受到大規模的屠殺還被集中營的管理者納粹醫生強迫進行了很多廠屋人道的醫學實驗如絕育和鷹隔實驗囚犯被注射各種化學藥物或者接受大型S光造射然後氣管被摘下來以觀察實驗結果門隔兒曾在1500多隊雙胞胎身上進行各種人體實驗包括活體解拋將各種化學藥劑注入雙胞胎眼中企圖改變眼睛顏色把雙胞胎縫在一起創造臉體陰等這些雙胞胎只有200多人活下來大量受勢者受盡責任後悲慘離世即使叫性生存下來也帶著種種後一陣先難生活第二次世界大戰後1946年12月9日自1947年8月20日對集中營囚犯驚喜醫學實驗了23名納粹醫生和科學家被推上了紐倫寶審判法庭面對指控納粹醫生表示不符他們認為我們驚喜的人體實驗與美國還有德國的人體實驗並不涼向我們美罪各位同學如果你是法官你將如何做答幫助起訴的雷加拿大伯士起場了一份備忘錄法官將起歸納成十條這就是著名的紐倫寶發點紐倫寶發點關於人體實驗的十點聲明電定了人體實驗到德原則的基礎其中最主要的四條原則為自行同意善行不傷害公平原則其根本觸發點是基於人的尊嚴生命價值自主自決權與社會的公平正義等價值觀念紐倫寶發點是第一步有關人體驗譽的國際倫理指南紐倫寶審判了最後結果是紐倫寶審判了最後結果是紐倫醫生被判處非人道罪二十三名受審的紐倫醫生中有七名被判的死心科研倫理指南第二位是華爾心基宣言涉及人的醫學研究倫理規範1964年在華爾心",121.mp4
2,人体生物医学研究伦理准则,本课程围绕高校教师科研活动中涉及人体生物医学研究的伦理规范展开，重点讲解人体受试者分类、研究类型划分及六项核心伦理原则。通过案例分析帮助教师识别科研伦理风险，掌握知情同意、风险控制等关键环节的操作要求，提升科研诚信意识与伦理实践能力。,/covers/122_28a3d6b0.jpg,/videos/122_28a3d6b0.mp4,2,17,1,164,94.47,1,1,科研诚信,科研型,中级,"科研诚信,人体受试者,知情同意,伦理准则,生物医学研究","同學們好,我是中南大學生命科學學院劉雁蘇老師,本字是點學習內容是,人體異學因救倫理準則。首先,我們來學習幾個相關概念。人體授誌者是者一個活著的個人,進行研究的人員可以通過干預措施,或者交付過程,重啟生障採集數據,並獲得其可被辨識的私人信息。人體授誌者可分為健康授誌者與疾病授誌者兩大類。設計人了生育學研究包括以下三類,第一類,採用現代物理學、化學、生物學、中醫藥學和心理學等方法對人的生理、心理行為、病理現象、疾病的病因和發病機制。以及疾病的預防、診斷、治療和康復進行研究的活動。第二類是醫學心技術,或者醫療新產品,在人體上建議實驗研究的活動,如醫療器械、醫療設備的開發。第三類是採用流行病學、設備學、心理學等方法、收集、進入、使用、報告、或者儲存、有關人的樣本、醫療進入、行為等科學研究資料的活動。這裡所指針的樣本包括組織、器官、血液、血漿、皮膚、血清、DNA、RNA、蛋白質、細胞、頭髮、剪下的吃甲、藥液、拓液、其他體驗等人體生物材料的樣本。涉及人的生物學研究應當符合、資訊同意、控制風險、免費補償、保護隱私、醫化賠償、以及特殊保護等六項、文理原則。我們首先來看一下,知情同意原則。尊重和保障受試者是否參加研究的自主決定權。具備行為能力的受試者在全面了解研究基本情況及參與人體受試的可能結果後,可以自主做出參加實驗、不參加實驗以及中途退出實驗的決定。研究者要嚴格履行資訊同意程序,防止使用欺騙、密用、斜破等手段使受試者同意參加研究。允許受試者在任何階段無條件退出研究。第二條原則是碰字風險原則。首先將受試者人生安全、健康權益放在優先地位,其次才是科學和社會利益,研究風險與受益比例應當合理。密求死,受試者盡可能避免傷害。2018年底,賀建葵精英編輯因耳世界在全世界引起了宣展大波。被認為是突破了倫理底線。基因編輯因耳從技術實現角度來說,並不難。其他科院人員諮索已不做這個實驗,一方面是相關技術並不成熟,風險太大。賀建葵2017年2月19日在自己的科學網博客專門指出,在解決好東歐模型和希望。",122.mp4
2,科研伦理审查流程与规范,本课程系统讲解涉及人体研究的伦理审查要求与流程，涵盖伦理委员会职责、审查类型、申请材料准备及跟踪检查等关键环节。帮助高校科研人员理解并遵守国内外伦理规范，确保研究合法合规，保护受试者权益，促进科研诚信建设。,/covers/123_d0331f01.jpg,/videos/123_d0331f01.mp4,2,16,1,165,95.07,1,1,科研诚信,科研型,中级,"伦理审查,科研诚信,人体研究,伦理委员会,高校科研",童雲文化學生 《中南大學生命科學學院》《中南大學生命科學學院》同學們好我是中南大學生命科學學院的《瀏覶書老師》本質是點學習內容是《倫理審查》開展涉及人的生衛學研究時必須遵循本國倫理法律法規所規定的規範和標準以及適用的國際規範和標準倫理審查是後爾心理宣言涉及人的生衛學研究倫理審查辦法等國內外倫理子難的共同要求是保護人體授勢者的重要手段首先我們來看一下倫理委員會有的國家也稱為機構審查委員會Institutional Reveal Board RRB後爾心理宣言要求研究開始前研究方案必須提交給相關研究倫理委員會進行考量評估指導和批准倫理委員會的指責是保護授勢者合法權益偽富授勢者尊嚴促進生衛學研究規範開展因遙衛生機構沒有設立倫理委員會的不得開展涉及人的生衛學研究工作我們來看一下倫理審查的流程倫理委員會的監管貫穿科研權程P.I.項目負責人在自定的科學發案後應該向倫理委員會提出倫理審查申請倫理委員會受你項目以後對一些可預見的風險或不是不超過最低程度幾乎超過收治者的日常生活或接受長輝治療可能花這麼概率和程度的項目向溫泉調查反彈隊肥顧性數據分析等項目可由機構倫理委員會主任委員或者尤其指定了兩個以上委員進行快速審查其他的項目如臨床實驗是要遭擊倫理委員會進行肥意審查倫理委員會應當對審查的頁據項目做出批准不批准修改後批准修改後再審暫停或者終止延續的決定並說明理由無論審批結果如何都應該即使把決定傳送給P.I.經過倫理委員會批准後P.I.就可以開展實驗項目倫理委員會會對項目開展情況進行跟蹤檢查如果研究計畫有修改還應該提醒倫理委員會進行復審研究結束後研究者必須向委員會提銷解體報告包括對研究發現和結論的總結之後倫理委員會會對整個研究相關資料存檔要先舉等主管部門會定期對倫理委員會倫理審查工作進行檢查研究者申請倫理審查是應該提交一下資料第一是倫理審查申請表第二是研究項目負責人信息研究項目所設計的相關機構了合法知識證明以及研究項目經費來源說明還有是研究項目方案項目資料包括文獻中素您從前研究和動物實驗數據等資料收視者的資訊同意書也要經過倫理委員會審查還有就是倫理委員會認為需要提交的其他相關產料倫理審查的主管內容包括第一是研究者資字,123.mp4
2,科研诚信：知情同意伦理标准,本课程围绕高校科研中知情同意的伦理标准展开，详细讲解完全告知、充分理解、自主决定三大要素。通过分析知情同意书模板，说明研究者应向受试者提供的研究背景、流程、风险、费用及保密措施等信息，强调受试者自愿参与和退出的权利，帮助高校教师掌握人体实验中的伦理规范与科研诚信要求。,/covers/124_4a3238d1.jpg,/videos/124_4a3238d1.mp4,1,12,1,151,90.04,1,1,科研诚信,科研型,初级,"科研诚信,知情同意,伦理标准,人体实验,高校教师","童學們好,我是中南大學生命科學學院的劉焰書老師,本知識點學習內容是知情同意知情同意,一封Consent,只向授誓者告知一項實驗了各方面情況後,授誓者支援確認及同意參加該實驗的過程虛擬簽名和著名日期的知情同意書作為文件證明,如果授誓者不能以書面方式表示同意時,向我研究者應當獲得其孔頭知情同意,並提交過程進入和證明我們來看一下知情同意的倫理標準人體實驗中所謂知情同意權,誓子,授誓者在充分知識理解,並在此基礎上理性的自由志願的表達同意或拒絕參加人體實驗的權力,包括完全告知充分理解,自主決定三個要數這也是知情同意的三條倫理標準我們首先來看,完全告知研究者應該到處授誓者研究全面情況以及可能帶來的損害知情同意書必須使用倫理委員會提供的最新魔版知情同意書要經過倫理委員會審查通過以後才能用於招募授誓者這是中國註冊臨床實驗倫理審查委員會提供的知情同意書模板我們結合這個模板來說明在知情同意或過程中,研究者應該向授誓者提供哪些信息首先要強調的是參加的是實驗不是常規治療第二,研究項目的研究背景和研究目的基本研究內容流程、方法以及研究實現參加研究可能的受益有無對受誓者有意的其他措施或治療方案參加研究可能的不良反應、風險、不是和不方便還要說明是有關費用情況有關費用情況包括研究相關費用這部分應該完全免費第二是受誓者同時合併的其他疾病所需的治療和檢查費用這一般是不在免費範圍之內的第三是出現不良反應時研究者是否負擔處理不良反應的費用和販者可能獲得的賠償受誓者個人信息的保密範圍和措施研究者要向受誓者說明可以自願選擇參加研究和中途退出研究不費因此而受到懲罰或不公平對待研究者是聚起情況虛項受誓者告知的其他信息包括選擇其作為受誓者的特殊理由研究誓記的某些特徵比如說雙忙法對照組隨機抽樣等特殊的治療功能以及中止實驗的特殊情況實驗數據共享計畫等自行同一段第二台標準式充分理解確保受誓者正確理解信息這可以採用一下方式用受誓者能夠理解的語言和方式來傳遞信息應該採用",124.mp4
2,临床实验透明化与科研诚信,本课程以临床实验透明化为切入点，探讨科研诚信的重要性。通过分析美国FDA注册数据与发表论文的差异案例，揭示选择性报告、数据篡改等行为导致的偏倚问题。课程介绍临床实验透明化的内涵，包括实验注册、结果报告和原始数据共享，旨在帮助高校教师理解科研伦理准则，提升临床科研质量与结果可靠性。,/covers/125_71d0e2b4.jpg,/videos/125_71d0e2b4.mp4,2,13,1,157,93.02,1,1,科研诚信,科研型,中级,"临床实验透明化,科研诚信,数据偏倚,科研伦理,结果可靠性","同學們好,我是中南大學生命科學學院的劉焰書老師。本字是點學習內容是臨床實驗透明化。臨床實驗四次以人為對象的前瞻性煙糾。預先將受勢者或受勢人群分配字接受一種或多種醫療干預,以評價醫療干預對健康結局的影響。其中醫療干預包括但不僅限於腰舞細胞及其他生物自平、外科治療、放射治療、醫療器械、行為療法治療過程改變、預防保健等,包括第一階段到第四階段的臨床實驗。為甚麼要強調臨床實驗透明化,讓我們來看一個具體的例子。美國,我還有大學稱了等人對美國食品藥品監督觀點局。FDA註冊的74項抗疫育藥物臨床實驗,研究的成果發表情況進行了追蹤。結果發現,1%也就是23項,英雄沒有發表論。將以發表的研究結果與FDA認定的結果進行對比發現,38項被FDA認定為具有陽性結果的研究,有34形象發表論,1項沒有發表論。而36項,被FDA認定為英雄結果的研究,22項沒有發表成果。實驗項,英雄濃郎發表時,英雄結果被改為陽性,僅三項研究如時報導,英雄結果。這樣根據以發表結果來看,抗疫育藥94%研究結果為陽性。但FDA真實註冊數據顯示,陽性結果只有51%。如果只根據以發表論文進行滿坦分析,非得出要我有效率是69%。但此根據FDA註冊數據進行滿坦分析,要我有效率是11%。將FDA數據與以發表論文數據中和進行滿坦分析,要我有效率是32%差別極大。這幾個數據哪個更可信,抗疫育藥物的有效率應該是多少。這幾個數據中,以發表論文數據中和進行滿坦分析,要我有效率是12%。由此可見,英雄的不痛明,被導致結果發生偏疑。這些偏疑的來源包括選擇性報告和數據串改以及英雄結果的過度分析等。只有控制這些因素才能提高研究的真實性,保障,英雄結果的可靠性和可重復性。臨床實驗透明化的理驗正式基於這種背景提出來的。臨床實驗透明化的理驗形成於2000年前後,其內涵包括臨床實驗註冊,無篇也報告結果和共享臨床實驗原始數據。讓臨床實驗研究過程及結果透明,有助於提高,臨床科研質量並最大程度用於提高,全人類疾病整療水平,是重視科研輪理的重要表現。安妮16年版,社群人的健康相關因求國健輪理準則,第24條準則,對健康相關因求應付的公共責任。",125.mp4
2,临床实验透明化与科研诚信,本课程聚焦临床实验透明化要求，涵盖实验注册、无偏报告和原始数据共享三大核心环节。详细讲解CONSORT、STROBE等国际报告指南的应用，强调科研人员对成果完整性和准确性的责任，避免选择性发表。课程旨在提升高校教师在医学研究中的诚信意识和规范实践能力。,/covers/126_efa51e26.jpg,/videos/126_efa51e26.mp4,2,12,1,156,92.81,1,1,科研诚信,科研型,中级,"临床实验透明化,科研诚信,数据共享,报告指南,高校教师",同學們好 我是中南大學生命科學學院的劉焰書老師林床實驗透明化 包括 林床實驗註冊 無篇以報告因憂成果和共享原始因憂數據前面 我們講的林床實驗註冊 我們接著講 無篇以報告因憂成果英修人員有義務公佈其涉及人的健康相關因憂成果 並對此報告的完整性和準確性負責消息的不確定的 同積極的結果一樣都必須被發表不能選擇性發表因憂成果 如只發表積極的結果 支持因憂假設的結果為提高研究報告指釀 一些國際工作小組自定了不同類型報告指南這些指南被很多期刊接受 作為同類型論文的投稿標準如隨機對照實驗報告規範 空手的聲明空手指2010聲明 包括一張25項條目的對照檢查清單和一張流程圖可為報告各種隨機對照臨床實驗提供指導嚴格尊尋清單中的條目 由作為作者鑽血 清洗 完整和透明的臨床實驗報告除空手的聲明以外 還有 觀察性研究報告的規範SusJob聲明 包括22項條目清單SusJob聲明 適用於報告對列研究 病例對照設計和狠斷面設計等觀察性研究臨床病例報告規範Cale指南 整段準確性 因求報告規範SusJob聲明 系統中數和慢調分析的報告規範SusJob聲明 包括實事項條目清單和一個流程圖將這些臨床報告指南呢可以通過Equart提高 醫療衛生研究的指量和透明性工作網一次影察照各類型報告指南 及其擴展版Equart的完戰 是由英國 邮件大學 醫學統計學中心脫管目前收錄了包括空手的聲明 使Job聲明以及擴展版在內的431種醫學報告指南聲版黃不得阻止研究人員發表無受他們翻譯的英糾結果這樣做是限制研究人員的出版自由英國人員對自己的工作因直接負責不得簽署對他們的數據訪問獨立分析數據 棋草和發表任務能力有不當影響的協議臨床實驗透明法 第三個要求是共享原始數據臨床實驗原始數據Rodate也稱為個體參與者數據Inuitive Patiphen today IPD 包括參事者個人信息 車輛數據 實驗流程管理數據共享原始數據 四子 初參事者 個人隱私信息外共享實驗的結果 車輛數據 以及實驗流程管理數據臨床實驗諸冊時對數據共享是有要求的2015年8月 世界衛生組織國際臨床實驗注色平台發布臨床實驗數據共享生民 鼓勵和支持 共享您的,126.mp4
2,动物实验伦理与科研诚信,本课程以动物实验伦理为切入点，探讨科研诚信在生命科学研究中的实践。通过回顾动物实验历史发展，分析科学进步与伦理责任的平衡，重点讲解动物福利五原则和人道使用三R原则，帮助高校教师理解科研活动中伦理规范的重要性，提升科研诚信意识。,/covers/127_a5c3d33a.jpg,/videos/127_a5c3d33a.mp4,1,16,1,160,92.21,1,1,科研诚信,科研型,初级,"科研诚信,动物实验伦理,动物福利,科研规范,高校教师",童學們好 我是中藍大學生命科學學院的劉雁叔老師本資是點學習內容是 動物研究倫尼動物實驗是人們認死生命運動規律的重要手段19世紀 科學界開始運用動物解拋法 通過傷害、破壞 或者災處動物活體器官等實驗來揭示生命的機制雖然動物實驗推動了科學發展 但是是殘忍的行徑 也引起了工作的質疑工作反對動物實驗以部分原因是出於對動物的同情命不會原因是人們擔心科學家們長期進行動物實驗 會變得麻木、雲冷漠 上市人道精神19世紀 某一些重大科學進展顯著轉變了公眾對動物實驗的態度1890年 白猴病4月大量兒童因此上命科學 通過大量動物實驗發現了血清療法 病才有血清療法 晚久了很多 犯白猴病兒童的生命當公眾看到血清療法 死極性白猴病的死亡率下降了一半多許多人開始理解並接受動物實驗24季初 科學家及公眾都開始反思 動物實驗中科學與倫理之間的矛盾問題並且呈現出一種責任與合作的態度1926年 倫敦大學受業血院修剝教授提出了動物服務Animals Welfare 概念 修武將實驗動物比喻為國家派遣去前線打仗的士兵國家有責任關注士兵的福利動物服務力目前公認的是動物武像自由通過提倡動物服務力 保障動物處於舒適健康 寬了等至來生活狀態的武像自由或武像權利 野生動物武像服務力在實驗動物生產 運輸和使用過程中要保障動物持武像自由第一 是免於機殼的自由也稱為生理服務力保障有新鮮的飲水和食物 以維持動物健康和活力第二 是免於不適的自由也稱為反敬服務力 提供舒適的息息反敬第三 免於痛苦傷害和疾病的自由也稱為衛生服務力實驗動物也享有預防和快速的整治第四 表達主要天際的自由有的也稱為行為服務力 要提供足夠的空間實當了設施和同類的社交夥伴 第五 免於恐懼和焦慮的自由也稱為行女服務力 要保障良好的條件和處置不造成動物的精神壓抑和痛苦 例如出使動物時不能讓其同伴看見人道使用動物三二原則1959年 英國動物服務力大學年盟出版了人道實驗技術法則書中提出了實驗動物人道使用標準三二原則,127.mp4
2,科研诚信中的利益冲突管理,本课程聚焦高校科研活动中的利益冲突问题，系统讲解利益冲突的定义、类型及其对科研伦理的影响。通过案例分析，帮助教师识别显性与隐性利益冲突，掌握利益冲突披露规范，提升科研诚信意识与风险防范能力，促进健康相关研究的伦理实践。,/covers/128_bd0791aa.jpg,/videos/128_bd0791aa.mp4,2,18,1,167,95.36,1,1,科研诚信,科研型,中级,"利益冲突,科研诚信,学术伦理,高校教师,研究规范","同學們好,我是中南大學生命科學學院的劉雁蘇老師,本質是點學習內容是利益衝突,首先我們來瞭解一下什麼是利益衝突,利益衝突,Covid of interest,C-O-I,健康相關研究的首要目標是以倫理上恰當的方式產生必要的促進人們健康的姿勢不過,研究者、研究機構、生辦方、研究倫理委員會和決策者可能有其他的利益,比如説科學上的包獎或經濟收益這些利益可能會以研究的倫理行為相衝突,這些健康相關研究的首要目標與次要利益之間的衝突就被定義為利益衝突科學過程中對主要利益如受試者的意處或研究的可靠性的專業判斷可能被次要利益如經濟收益影響時,利益衝突就產生了這種影響有時是明顯的,比如説資助方要求推辭發表論文以變申請專利有時則是隱費的,同學們想一下,如果你們在實驗時碰上一個不符合研究假設的結果擔心無法按起完成畢業論文,這是你們會怎麼辦會不會選擇複躍持結果,或者給出一個有利於研究假設成立的解釋雖然利益衝突以此之夫盡於便義,但利益衝突的存在本身並不意味著一定就會導致利主體犯錯誤他僅僅只表明存在一些影響人們判斷和行為的因素儘管如此,利益衝突僅僅存在的確容易引起不到的行為利益因素的存在往往廢影響研究者的判斷無論是有心或者是無意國際醫學期刊編輯委員會要求作者提交任何內心或格式的手稿司有責任公開可能影響研究結果的所有關係和活動經常看見國內學者發表文章利益衝突拼入部分,簡簡單單的寫上原因有兩點,第一點是擔心期間的編輯因為自己拼了利益衝突而覺得文章對研究結果的解讀不夠客觀第二點是不了解具體有哪些利益關係需要公開這是對棄刊相關政策不了解作者完整拼絡潛在的利益衝突有助於棄刊編輯省稿人和讀者瞭解論文的真實情況並根據客觀事實對研究做出頻叛相反,如果作者沒有拼絡全部相關的利益衝突會被認為是一種學術不端經棄刊與作者溝通後,如果作者解釋不能被棄刊編輯接受論文投稿會被拒稿即使發表以後也會被撤稿如2015年12月有作者在切斥發表的關於機械通氣作為減少阿茲發病的治療工具議文發表後切斥收到了一位祕名讀者的男性認為該論文還有未公開的利益衝突該文兩個作者作者的男性作者的男性",128.mp4
2,科研诚信与数据规范导论,本课程聚焦高校教师科研活动中的学术诚信与数据规范，涵盖科学数据定义、原始数据与衍生数据管理、科研第四范式等内容。通过讲解《科学数据管理办法》等政策，帮助教师理解数据密集型时代的科研伦理要求，培养客观、严谨、诚信的科研行为规范，提升科研数据管理与学术诚信实践能力。,/covers/129_303b702c.jpg,/videos/129_303b702c.mp4,1,13,1,159,92.47,1,1,科研诚信,科研型,初级,"科研诚信,科学数据,学术规范,数据管理,高校教师","《中南大學生命科學學院男李中銘老師》很高興以大家相遇在學術重信與論文寫作的目客課堂眾所周知科學研究的本質是認識世界、發現知識、發明技術、解決問題、為人類服務人類的科學研究經歷了實驗觀察、模型推演、訪真模擬三個範疇真進入數據探索的科研第四範疇當前我們處在數據密集數據7棟科學發現的時代作為您科研工作者需要有著悅的價值裡面和行為規範才可能在科學研究中始終保持客觀、城市、公平、尊重、嚴謹從而數據權威受到公眾的信任在這一張裡我們將一起學習科學數據規範首先,我們了解一下什麼是數據數據是任何協勢的用於推理或計算的事實信息數據可以是有型的比如細胞、組織、零江、圖片等食物、實體也可以是無型的由測量觀察計算、解釋等紀錄和數據隨著人類技術的進步我們獲得處理和保存數據的方式將持續地改變在互聯網時代我們能深刻感知到數據成爆炸式增長呈現明顯的大體量、快增長、多元一塊、低密度的俗稱自威特徵科學數據是數據的一種既有數據的共性也有其獨特的屬性那麼,什麼是科學數據呢?我們進入第一節科學數據蓋數的學習科學數據主要包括在自然科學、工程技術科學等領域通過基礎研究、應用研究、實驗開發等產生的數據以及通過官策、監策、考察、調查、檢驗、檢測等方式取得並用於科學研究活動的原始數據及其眼神數據這個定義選擇案一、八年、三月十七號生效的由國務院辦公廳發揮的科學數據管理辦法理解科學數據的概念有幾個要點首先,科學數據是眼神數據和眼神數據原始數據是未經過處理或解化的數據可能是人風收集過去的比我們在實驗室做藥理生化的實驗和觀察記錄也可能是直接由儀器或裝置或取比如,拖過傳感器或取的人體生物信息高通量次序儀或取的金屬學信息原始數據有多種存在的形式比如紋本數據、圖像數據、音頻數據或者幾種形式的混合數據眼神數據它是對於原始數據的加風、整理、計算、處理以及基於數據得到的科學成果包括統計分析數據以及按照一定的規律人工生成的模擬訪針的應用數據對科學概念的理解第二點就是這個定義中以自然科學工程技術為主研究性質、傾向、基礎研究、應用研究實驗開發、官策堅測、考察、調查以及解驗檢測第三,這是我國政府層面第一次頒布的面向多學科的科學數據管理辦法這個辦法的出臺已經了幾年時間的大魔由此可見、國家、國際上",129.mp4
2,科学数据规范与生命周期管理,本课程以生物医药和医学技术领域为例，系统讲解科学数据生命周期中的规范要求。涵盖小科学研究的数据采集、记录、保存、使用与销毁，以及大科学研究的数据汇交、成草、共享、利用与销毁各环节。重点介绍人类遗传资源等特殊数据的合法采集规范，强调遵循《中华人民共和国人类遗传资源管理条例》等法规，确保科研活动合法合规，维护数据安全与提供者权益。,/covers/130_b1a7a3cb.jpg,/videos/130_b1a7a3cb.mp4,2,18,1,177,98.63,1,1,科研诚信,科研型,中级,"科学数据规范,数据生命周期,科研诚信,数据采集,人类遗传资源",《同學文好》我是中南大學生命科學學院的李中銀老師通過商業節的學習我們理解了科學數據的概念及屬性知道了科學數據的要求和禁忌那麼怎樣才能達到科學數據的要求不觸犯科學數據的禁忌呢這就需要了解科學數據的規範規範是什麼呢規範是必須遵守的約定俗成的行為準則很多的科研不斷行為出有意為之 也有不了解或忽略相關規定而無意發生的在科學數據整個生命周期中都有科學共同體甚至各國政府認同的規範我們先來瞭解一下什麼是科學數據的生命周期科學數據生命周期可以分為兩個不同的形態對於傳統意義上以求知和自由探索為目的的小科學研究科學數據生命周期大致可分為數據採集數據記錄 數據保存 數據使用和數據消毀幾個階段而對於接觸大型的科研專制會遺棄以解決重大社會經濟問題為目的的大科學研究科學數據生命周期則可分為數據會交數據成草 數據共享 數據利用和數據消毀幾個階段在這兩個數據生命周期的形態裡科學數據的保密和安全一直貫穿始終科學數據的消毀則受數據的性質數據研究價值 數據獲取和保存成本數據保存到期後 審核結果的因素影響而有不同的規範一般而言 反違反法律和道路規定的數據一定會及以消毀接下來 我們以生物醫藥和醫學技術科學研究領域為主講解 兩個數據生命周期形態裡各環節應該遵循的數據規範首先 給大家講解小科學研究的數據採集和記錄規範大科學研究的數據會交規範數據的採集規範科學研究目的決定了數據採集的範圍數據採集的方法影響數據的真實完整數據採集中要遵循的規範主要體現在 合法 有效 客觀合法 指的是特殊數據採集必須事先獲得授權準許那些是特殊數據呢比如個人信息 保密信息受版權或專利保護的信息特殊的材料獲得的數據等等在生命科學領域涉及個人隱私的遺傳物質和臨場數據的採集必須獲得授示者或監獲人的授權許可這樣做的目的是尊重不傷害授示者我國在2019年7月1日由李克強總理簽署的中華人民共和國人類遺傳資源管理條例中規定需要事先 全面完整真實 準確的告知遺傳資源提供者採集的目的 用途對健康可能的影響 個人隱私保護措施提供者享有資源參與和隨時無條件退出的權利告知過程中不能隱瞞 誤導 欺騙 提供者並且必須取得提供者的書院知情同意文件條例中 也民文規定採集方必須具有法人資格採集的目的明確合法 方案合理研究必須通過倫敵審查採集方有完善的組織機構及合適的場所設備設施和人員條例中強調 人類遺傳資源材料和信息的採集不得危害國家安全 社會公共利益 公眾健康必須保護 提供者合法權益 尊重 提供者隱私權境外的機構 不得在境內採集也不能向境外提供我國公領的遺傳資源,130.mp4
2,科研数据保存与使用规范,本课程围绕高校科研诚信中的科学数据管理展开，详细讲解数据保存的法律要求、机构责任、保存期限与备份策略，以及数据使用时的授权、引用和真实性规范。课程强调原始数据的完整保存对学术交流、成果验证和科研创新的重要性，帮助教师建立规范的数据管理意识，防范科研失范风险。,/covers/131_44a887c8.jpg,/videos/131_44a887c8.mp4,1,14,1,160,92.56,1,1,科研诚信,科研型,初级,"科研诚信,数据保存,数据使用,学术规范,高校教师","《中南大學生命科學學院》的李柱銘老師上一節我們學習了數據的踩急、紀錄和會交規範接下來我們學習數據保存的規範《科學數據》為什麼要保存呢?這是為了滿足法律規定的責任和要求資助的機構隨時會檢查其資助項目的相關紀錄張麗森請和授權也需要和審原始的數據記錄學書論文發表後如果受到質疑需要提供發表論所需的材料以及未發表的數據《科學數據》的保存也是實現數據重用和增值的必要條件《科學數據》記錄是事實和細節的清新來源學書論文寫作的時候或者新進的人員要熟悉和理解實驗敢服查閱數據記錄是必然的保存完善的《科學數據》是交流和共享的基礎能為《科學研究展現新的視角方法和創新點》同時提供完整的《原始研究數據》也是項目獲得批准的前提《科學數據》的保存規範主要體現在人員地點時間和數量上《原始的科學數據》必須由研究機構和科研人員共同保存機構與機構、機構與人員間做好數據保存協議涉及機密或威脅的數據要滲中保存《科學數據》要保存在單位或實驗室的成處設備機構數據庫或者雲平台上不能放在家裡數據保存時要注意物理保存空間的溫度、濕度、光線灰塵等等,以防止數據被破壞《科學數據》保存它有合理的欺現不同領域、不同的國家規定會有差異性比如航天航空數據是要求永久保存的生物醫藥領域、精整斷及治療的數據也要永久保存美國NAH規定臨場項目環境與公共衛生項目產生的科學數據保持20年R.O.D.A對於臨場項目產生的數據保存年限15年最低的保存期限為學術錄文發表後5年《科學數據》還要定期的備份備份的數據、原始數據要分開保存特別重要的數據要求實習一地備份防止因不可抗的自然災害造成數據丟失接下來我們學習數據使用的規範在這一小節我們主要討論傳統科學數據使用時應該遵循的基本規範首先在授權情況下才能使用數據未經同意不能將數據用於約定用圖之外的其他目的或者把數據轉交透露給其他機構或者人員這樣做是尊重和保護數據提供者和採集者的利益在使用他人的數據時候要註明數據的來源否則就是瞄切數據使用的時候應當清晰、完整、準確的反應研究過程的實際使其他的科研人員能夠檢驗其真實性不能夠偽造、串改、隱瞞、選擇性的使用數據有意的強化也是不被允許的在補錢、缺失之、消除柔於數據",131.mp4
2,科研数据保存与使用规范,本课程围绕高校科研诚信中的科学数据管理展开，详细讲解数据保存的法律要求、机构责任、保存期限与备份策略，以及数据使用时的授权、来源标注、真实性维护等规范。通过具体案例与领域差异分析，帮助高校教师掌握科研数据全流程管理要点，防范数据篡改、伪造等失范行为，提升科研工作的规范性与可信度。,/covers/132_f658b672.jpg,/videos/132_f658b672.mp4,1,14,1,160,92.56,1,1,科研诚信,科研型,初级,"科研诚信,数据保存,数据使用,科学数据,高校教师","《中南大學生命科學學院》的李柱銘老師上一節我們學習了數據的踩急、紀錄和會交規範接下來我們學習數據保存的規範《科學數據》為什麼要保存呢?這是為了滿足法律規定的責任和要求資助的機構隨時會檢查其資助項目的相關紀錄張麗森請和授權也需要和審原始的數據記錄學書論文發表後如果受到質疑需要提供發表論所需的材料以及未發表的數據《科學數據》的保存也是實現數據重用和增值的必要條件《科學數據》記錄是事實和細節的清新來源學書論文寫作的時候或者新進的人員要熟悉和理解實驗敢服查閱數據記錄是必然的保存完善的《科學數據》是交流和共享的基礎能為《科學研究展現新的視角方法和創新點》同時提供完整的《原始研究數據》也是項目獲得批准的前提《科學數據》的保存規範主要體現在人員地點時間和數量上《原始的科學數據》必須由研究機構和科研人員共同保存機構與機構、機構與人員間做好數據保存協議涉及機密或威脅的數據要滲中保存《科學數據》要保存在單位或實驗室的成處設備機構數據庫或者雲平台上不能放在家裡數據保存時要注意物理保存空間的溫度、濕度、光線灰塵等等,以防止數據被破壞《科學數據》保存它有合理的欺現不同領域、不同的國家規定會有差異性比如航天航空數據是要求永久保存的生物醫藥領域、精整斷及治療的數據也要永久保存美國NAH規定臨場項目環境與公共衛生項目產生的科學數據保持20年R.O.D.A對於臨場項目產生的數據保存年限15年最低的保存期限為學術錄文發表後5年《科學數據》還要定期的備份備份的數據、原始數據要分開保存特別重要的數據要求實習一地備份防止因不可抗的自然災害造成數據丟失接下來我們學習數據使用的規範在這一小節我們主要討論傳統科學數據使用時應該遵循的基本規範首先在授權情況下才能使用數據未經同意不能將數據用於約定用圖之外的其他目的或者把數據轉交透露給其他機構或者人員這樣做是尊重和保護數據提供者和採集者的利益在使用他人的數據時候要註明數據的來源否則就是瞄切數據使用的時候應當清晰、完整、準確的反應研究過程的實際使其他的科研人員能夠檢驗其真實性不能夠偽造、串改、隱瞞、選擇性的使用數據有意的強化也是不被允許的在補錢、缺失之、消除柔於數據",132.mp4
2,科研数据保存与使用规范,本课程围绕高校科研诚信中的科学数据保存与使用规范展开，详细讲解数据保存的法律要求、机构责任、物理环境控制及不同领域保存期限差异。同时介绍数据使用的基本规范，包括授权使用、来源注明、真实性保障等原则，帮助高校教师掌握科研数据管理的核心要求，提升科研诚信实践能力。,/covers/133_560568b8.jpg,/videos/133_560568b8.mp4,1,14,1,160,92.55,1,1,科研诚信,科研型,初级,"科研诚信,数据保存,数据使用,科学数据,高校教师","《中南大學生命科學學院》的李柱銘老師上一節我們學習了數據的踩急、紀錄和會交規範接下來我們學習數據保存的規範《科學數據》為什麼要保存呢?這是為了滿足法律規定的責任和要求資助的機構隨時會檢查其資助項目的相關紀錄專利申請和授權也需要和審原始的數據記錄學書論文發表後如果受到質疑需要提供發表論文所需的材料以及未發表的數據《科學數據》的保存也是實現數據重用和增值的必要條件《科學數據》記錄是事實和細節的清新來源學書論文寫作的時候或者新進的人員要熟悉和理解實驗敢服查閱數據記錄是必然的保存完善的《科學數據》是交流和共享的基礎能為《科學研究展現新的視角方法和創新點》同時提供完整的《原始研究數據》也是項目獲得批准的前提《科學數據》的保存規範主要體現在人員地點時間和數量上《原始的科學數據》必須由研究機構和科研人員共同保存機構與機構、機構與人員間做好數據保存協議涉及機密或威脅的數據要滲中保存《科學數據》要保存在單位或實驗室的成處設備機構數據庫或者雲平台上不能放在家裡數據保存時要注意物理保存空間的溫度、濕度、光線灰塵等等,以防止數據被破壞《科學數據》保存它有合理的欺現不同領域、不同的國家規定會有差異性比如航天航空數據是要求永久保存的生物醫藥領域、精整斷及治療的數據也要永久保存美國NAH規定臨場項目環境與公共衛生項目產生的科學數據保持20年阿澳大利亞對於臨場項目產生的數據保存年限15年最低的保存期限為學術錄文發表後5年《科學數據》還要定期的備份備份的數據、原始數據要分開保存特別重要的數據要求實習一地備份防止因不可抗的自然災害造成數據丟失接下來我們學習數據使用的規範在這一小節我們主要討論傳統科學數據使用時應該遵循的基本規範首先在授權情況下才能使用數據未經同意不能將數據用於約定用圖之外的其他目的或者把數據轉交透露給其他機構或者人員這樣做是尊重和保護數據提供者和採集者的利益在使用他人的數據時候要註明數據的來源否則就是瞄切數據使用的時候應當清晰、完整、準確的反應研究過程的實際使其他的科研人員能夠檢驗其真實性不能夠偽造、串改、隱瞞、選擇性的使用數據有意的強化也是不被允許的在補錢、缺失之、消除柔於數據",133.mp4
2,科研写作中的知识产权基础,本课程针对高校教师在科研写作中涉及的知识产权问题，系统讲解知识产权的法律定义、性质特点及保护机制。内容涵盖知识产权作为无形财产、专有性、时间性、地域性等核心特征，帮助教师明确科研成果的权利归属与保护边界，提升科研诚信意识与法律素养。,/covers/134_787b11bf.jpg,/videos/134_787b11bf.mp4,1,12,1,154,91.04,1,1,科研诚信,科研型,初级,"知识产权,科研写作,高校教师,科研诚信,法律基础","同學們好,我是中南大學生祕科學學院的劉海霞老師,本知識點學習內容是,陸文寫作所涉及到的知識產權知識。知識產權也稱知識所屬權,是權力人,對其勢力勞動成果和精英活動中的標記、信譽所依法享有的專有權力或獨戰權力。根據民法總則第123條,民視主體依法享有知識產權。知識產權是權力人,依法就下列課題享有的專有的權力。包括作品、發明、實用新型、外觀設計、商標、地理標誌、商業秘密、集成電路不徒設計、如新品種、法律規定的其他課題。我們來瞭解一下知識產權的性質和特點。知識產權是一種私權。在私權保護模式下,權力人有權決定是否保護其知識產權。有權決定如何保護其知識產權。有權決定具體的救濟方式,即使已經確定了親權責任。權力人仍可放棄追究該親權責任。知識產權是一種民視權力。在我無的立法體系中,知識產權法屬於民法體下的分支。民法通則第五章,民視權力的第三節,規定了公民、法人依法享有知識產權。第二,我們來學習知識產權的特點。首先,知識產權是一種無形財產。無形財產權是知識產權區別與有形財產權的根本標誌。也是著作權等所有知識產權共同比性。第二,知識產權具備專有性的特點。專有性及獨戰性或壟斷性,除權力人同意或法律規定外,權力人以外的任何人不得享有或使用該向權力。這表明權力人獨戰或壟斷的專有權力受嚴格保護,不受他人侵犯。只有通過強制許可,真有等法律程序才能變成權力人的專有權。第三,知識產權具備時間性的特點。時間性及直在規定期限保護及法律對各項權力的保護都規定有一定的有效期。各國法律對保護期限的長短可能一致也可能不完全相同。只有參加國際協定或進行國際申請時才對某項權力有統一的保護期限。第四,知識產權具備地獄性的特點。地獄性及只有所確認和保護的地獄類有效,及除千有國際公約或雙邊護費協定外,經一國法律所保護的某項權力只在該國範圍類發生法律效力。所以,知識產權既既有地獄性在一定條件下又既有國際性。第五,知識產權的獲得需要法定的程序。知識產權屬於絕對權在某些方面類似於物權中的所有權。例如,是對客廷為直接支配的權力可以使用收益、處分以及為他總支配,只有排他性、只有轉移。",134.mp4
2,论文发表与专利申请关系解析,本课程针对高校教师在科研诚信教育中的常见困惑，深入探讨论文发表与专利申请的先后顺序及其影响。通过分析专利法相关规定，解释先发表论文可能破坏专利新颖性的风险，以及宽限期适用条件，帮助科研工作者明确两者区别，避免因操作不当导致成果保护失效，提升科研规范意识。,/covers/135_af119874.jpg,/videos/135_af119874.mp4,2,15,1,160,93.46,1,1,科研诚信,科研型,中级,"科研诚信,论文发表,专利申请,新颖性,高校教师",同學們好 我是中南大學生祕科學學院的劉海峽老師本支是點學習內容是論文發表與申請專利的關係首先我想問大家一個問題如果同學們有一個發明創造是準備先發表論文還是先申請專利呢這是我們科研工作者經常遇到的問題大家有了新的科研成果都會選擇在好的期刊上發表讓世界瞭解自己的科研動態和科研成果提高知名度對於專利有一個常見的誤取是認為一向技術或者發明一旦申請專利就保密起來不能再發表相關的學術論文了有像調查是關於有了科研想法或者技術成果是先申請專利還是先發表論文結果顯示大部分人都認為應該先發表論文學術論文以專利不論從專寫還是審查方面都是有許多共通之處的學術論文的發表要具有創新性而專利的授權又需要滿足新性和創造性這導致許多科研工作者不能明惜兩者的區別對同一言就成果究竟以先發表論還是先申請專利新存疑慮於這個點主要有兩個以先發表論文是否會破壞在後提交的專利的新隱性呢二 先申請專利是否會影響在後投稿的論文的創新性呢我們先來回答先發表論是否會破壞在後提交的專利的新隱性專利申請要滿足三個條件新隱性創造性 實用性專利法第22條第2款規定專利的新隱性是指沒有任何單位或者個人就同樣的發明或實用新型在申請日以前向國務院專利行政部門提出過申請比記載在申請日以後公布的專利申請文件或者公告的專利文件中現有技術是指申請日以前在國內外為公眾所知的技術現有技術包括在申請日以前在國內外出版物上公開發表在國內外公開使用或者以其他方式為公眾所知的技術從衛上概念可以看出同一技術方案只要被先發表的論文所記載就變成現有技術大概率下會影響到在後提交的專利的新隱性為什麼說是大概率呢?因為專利法第24條給出了一個不喪失新隱性的寬限期規定申請專利的發明創造在申請日以前6個月內有下臉情形之一的不喪失新隱性在中國政府主辦或者承認的國際戰覽會上首次戰出的在規定的學術會議或者技術會議上首次發表的他人未經申請人同意而泄露其內容的但要注意的是大多數學術論文都是發表在期刊上的期刊並不在以上條件之內其次提出不喪失新隱性寬限期的專利需要在申請日期兩個月內,135.mp4
2,科研写作中的著作权归属问题,本课程针对高校教师在科研写作中常见的著作权归属问题，系统讲解合作作品、汇编作品及职务作品的著作权认定标准与权利行使规则。通过案例分析，帮助教师明确科研合作中的知识产权边界，规范署名与成果分享，提升科研诚信意识与法律素养。,/covers/136_bd85f99b.jpg,/videos/136_bd85f99b.mp4,1,14,1,158,91.86,1,1,科研诚信,科研型,初级,"科研诚信,著作权,合作作品,汇编作品,高校教师",【设计】同学们好我是中南大学生秘科学学院南榴海霞老师本知识点学习内容是路文写作中的注册权问题首先我们来了解注册的归属问题注册的归属问题总共可以分为三种类型包括合作作品及其注册权归属会编作品及其注册权归属植物作品及其注册权归属这三种归属问题各有特点下面我们就来一一分析首先看合作作品及其注册权归属合作作品是指两人以上共同创作的作品是合作作品两个以上的人具有共同创作的事实是合作作品的购成要件真定合作作品因具备容下条件第一作者之间虚有共同从事创作某一作品的意思表示包括思想情感一致或相近内容或表现形式上的相互和谐与统一第二在创作过程中合作人惯册合作创作一图一般军有意识的是他们的创作成果相互照应鞋接鞋条和统一第三每个合作人的行为性质应当达到一定的创作程度起成果应当达到注册权法所要求的作品的标准以上三条会补充缺一不可那么如何确定合作作者的注册权呢合作作品的作者共同享用注册合作作者对合作作品的注册权可以按份共有及当合作作品可以分割使用的时候作者对各自创作的部分它可以单独享用注册权该作者在行使注册权时不得侵犯合作作品整体的注册权合作作品不能分割使用时其做作权的行使因由合作作者协商解决如不能协商一致任何一方无正当理由不得阻止塌方行使及不能恶意阻止塌方行使注册权塌人侵犯合作作品注册权任何合作作者可以以自己的民意提起诉讼但其所获得的赔偿因当合理分配给所有合作作者2.会编作品及其做作权归数会编作品只会编若干作品作品的片段或者不够成作品的数据或者其他材料对其内容的选择或者编排提现独创性的作品为会编作品如报纸雜质词点百科全书和选集等那么如何确定会编作品的注作权呢会编作品的注作权由会编人享有会编作品是对已有作品的会编会编他人享有做作权的作品因真的被会编作品注作权人的许可比按规定支付报仇会编人在行使期注作权时不得侵犯原作品的注作权有法人或者其他组织组织人员进行创作提供资金或者资料本创作条件并承担责任的百科全书词书教材大型设像画测等会编作品对其整体注作权规法人或者其他组织所有会编行为注入了会编人的治理创作表现了他们独自,136.mp4
2,科研写作中的保密问题,本课程针对高校教师在科研论文写作中可能涉及的保密问题，系统讲解科技保密的重要性、常见泄密风险及防范措施。结合《中华人民共和国保守国家秘密法》相关规定，分析科研人员在成果发表、技术交流中如何平衡开放合作与保密义务，避免因疏忽导致技术泄露、经济损失或法律风险，提升科研人员的保密意识和合规写作能力。,/covers/137_3765fbbd.jpg,/videos/137_3765fbbd.mp4,1,13,1,158,92.05,1,1,科研诚信,科研型,初级,"科研诚信,科技保密,论文写作,保密法规,高校教师",同學們好 我是中南大學生秘科學學男牛海峽老師本質是點學習內容是論文寫作中的保密問題眾所周知 任何一個國家在政治 經濟 科技 軍事方面都有自己的保密規定科學技術保密關係的國家的政治 經濟利益和科學技術發展是整個保密工作的一個重要組成部分當今世界各國綜合國內的競爭 實際上就是科學技術的競爭我國同國外在科技交流與合作日益增強從而大大的增加了保密工作的重要性我們基礎開展正常的科技交流與合作又要嚴格保守科學技術秘密對於經濟和技術起碼的泄密專業雜誌和學術論文是重要的取到這大概是許多科學技術人員使量未及的作為科學技術人員對於自己工作的評價論文的發表與成果的應用是兩項主要內容這種心情和行為是可以理解的但有的科學技術人員卻忽視了對重要科技成果的保密將許多技術成果的技術細節也全盤拖出結果是論文發表之日 便是技術洩漏之時科技保密要緊中長明那些因在科技寫作中不注意保密如有一幅圖片一段論述 雜誌經濟損失不良了政治影響的案例是旅見不先的因此為了確保我國的科技優勢維護國家的整體利益每個科技工作者都因堅富起保守科學技術秘密的重任此外 若不注意科技寫作中的保密問題不僅對國家的力造成損失而且還會違法或失去作者申請專利的權利中華人民共和國保守國家秘密法規定一切國家 習慣 武裝力量 政黨 社會團體企業 事業單位和公民都有保守國家秘密的義務保密法規定的十二總嚴重違規行為包括非法獲取持有國家秘密載體的買賣 轉送 或者私制消毀國家秘密載體的通過普通郵政 壞地等無保密措施的渠道傳遞國家秘密載體的尤其 偷運國家秘密載體出境或者未經有關主管部門批准 攜帶傳遞國家秘密載體出境的非法複製 紀錄存儲國家秘密的在私人交往和通信中涉及國家秘密的在互聯網及其他公共信息網絡或者未採取保密措施的有限或無限通信中傳遞國家秘密的將社密計算機 社密存儲設備接入互聯網及其他公共信息網絡在未採取防護措施的情況下在社密信息系統與互聯網及其他公共信息網絡之間進行信息交換的使用非社密計算機 非社密存儲設備存儲處理國家秘密信息的上次現在 修改社密信息系統的安全技術程序 管理程序的將未經安全技術處理的退出使用的社密計算機 社密存儲設備 贈送 出售,137.mp4
5,学术规范与伦理基础课程,本课程深入探讨学术规范与伦理的核心概念，从道德、伦理与规范三个层面解析学术行为的底线要求。课程强调培养高校教师的学术风险防范意识，通过分析引证规范等具体案例，帮助教师理解学术规范在学风建设中的重要性，提升遵守学术规范的自觉性。,/covers/40_997f9217.jpg,/videos/40_997f9217.mp4,1,11,2,169,96.3,1,1,学术规范,综合型,初级,"学术规范,学术伦理,学风建设,引证规范,科研诚信","《Keylenly》《學術規範》《影論》《Keylenly》《學術規範》這麼課程到底有什麼樣的重要性呢?它是作為底線正義的《Keylenly》與《學術規範》的一個基本的訓練《Keylenly》與《學術規範》它是一門培養底線意識的通識課程必須培養學生從事科研與學術的底線意識繼遵守《Keylenly》與《學術規範》我們認為無論從學術風險規幣的角度還是從縮短我國與發達國家之間《Keylenly》嚴謹度的差距的角度一或是從《Keylenly》與《學術規範》的因然體系的角度考察都有必要將這麼課作為學生的一門通識課程何為《Keylenly》與《學術規範》《Keylenly》的因然層面的評價體系涉及到三個相互觀念的詞彙道德、倫理與規範在我國本土的語境下《Keylenly》與《學術規範》還關系到《學風建設問題》繼《學術建設文賣落》延伸到《Keylen》呈現進而到《學術規範》這兩組關鍵詞需要我們在課程的一開始與解讀幫助我們從深層次去理解《Keylenly》與《學術規範》的問題《Keylenly》的詞彙道德是使道德之於己還有主觀、個體的意味具有一定的相對訊《倫理則》更近於《毅力》、《倫場》具有普遍主義的色彩《倫理》對應的是英文當中的《ethics》該詞呢,起源於《希臘語》當中的《ethos》是本質習慣的意思這意味著《倫理往往教》道德要更為客觀和絕對因此這裡所指射的是《一於遵守》的《Keylenly》而非《Keylen》道德至於《倫理與規範》之間如果以法律領域作比則更接近於自然法與實證主義法之間的區別《倫理》保寒著善的價值判斷是被普遍認可的當倫理已經完全的規範化或者白子黑字通過權威的意志合法化之後他往往會變形可以單獨的從文藝加以理解正所謂指面的法往往超出了立法的原意儘管我們認識到倫理學已經從傳統的以人為中心走向現代以行為為中心從以德性、人格、價值、理想、危機主要的關注走向了以行為、準則、規範、義務、危機主要關注但是倫理畢竟不能和規範向混同倫理的頻叛都涉及到善、惡、正、邪的價值判斷而規範則未必是在道德層面上具有調整性很可能是純粹的系路性的或者是約定俗成的無關道德的例如在引駐規範上究竟採用駐式引證式寄溫哥華模式還是差距式、借哈佛模式或者是循環的素質編碼式就很難說牽扯道道德問題應該說緊就調整的內容來看規範、似乎要叫倫理更為的寬犯所謂的溫哥華模式是只在文章中使用順序的數字或者用擴號、或者用上標、或者兩種監用數字所對應的是角度在夜的下方或者是尾柱、在文章的尾部這種引駐體系可能不需要完整的參考書目是否是用取決於作者是否是用了完整的駐式形式還是縮裂的作式形式所謂哈佛模式是只在借入道、斷裸中的擴號中加入完整的部分的引用完整的引用的差距式的引用可能不需要尾柱多數情況下擴號中插入作者、年份在文章的漠尾有對應的完整的參考文獻科技編輯理事會科技編輯理事會",40.mp4
5,科研伦理与学术规范通识课程,本课程针对高校教师及研究生，系统讲解科研伦理与学术规范的基本原理与实践要求。课程强调科研伦理作为学术活动的道德准则，学术规范作为外在约束机制，两者相辅相成维护科学研究的严肃性和社会公信力。通过案例分析，帮助师生识别学术风险，培养底线意识，规范科研行为，防范学术不端，提升学术素养，促进科学事业健康发展。,/covers/41_93c84493.jpg,/videos/41_93c84493.mp4,1,13,2,167,95.21,1,1,学术规范,综合型,初级,"科研伦理,学术规范,高校教师,学术风险,研究生教育",第二節 科研論理與學術規範通時課程的開設及必要性科研論理提供了從事學術活動的道德準則學術準則則為科研工作者提供了外在的約束機制 兩者之間是相得一張的從而維護了科學研究的研促性和社會的供性力將科研論理與學術規範架階代替正式因當前高等院校及科研機構學生教學的一種需要當前國內各主要高校都開設了各色的方法課包括智性研究 量化研究 系統研究並對一些相應的操作工具及技術進行的培訓例如社會科學當中掌用的SPS是軟件然而大量的學生最終沒有走上科研港位對那些未研究為職業僅需培養其底線的意識即從事科研項目不可以由違背科研論理諾文寫作等學術活動不可以違反學術規範即便研究生的科研學術活動沒有任何的創新也不能夠觸犯該類的底線它是研究生入學時就自動科研並強制旅行的契約用正因為此我們開設了這門通識課程科研論理與學術規範希望將該門規避學術風險獲得學術基本素養的課程加以推廣今晚很多院校都會在各自專業內部附帶的提供本門學科所需要注意的輪理問題也都會在學術能文寫作是強調學術規範仍然有必要將其作為一門通識課一則諸多院校沒有將其作為一項專門的風險加以對二則是即便開設了相應的課程也沒有從本圓上去挖掘科研論理與學術規範的基本原理使得很多學生在遵守規範時不得要領陷入到機械適用的科舊我們身處在科學研究和學術創作的大轉型時期一些原始的最惡越來越容易曝光在陽光之下不時會從媒體上或許某位學者或者名人遭受學術打獎曝光調節扯文對於剛剛社族科研領域的初學者更需要防範於未然現實沒有輪理風險若干年後可能會再所難免例如某地最年輕的市長招某被網報說實期間發表在商業研究期刊的諾兒基於價值鏈房產核心競爭力分析涉嫌抄襲了他人發表在經濟體制改革期刊的諾兒論房地產企業的核心競爭力儘管這是轉型時期規範不漲的一個測影但是暴露了如果研究生不注意學術諾兒的協助規範則可能在自媒體時代遭遇民禦及其事業前途上巨大風險所以預期帶到未來遭受污名和沉溺不如提前做好風險方法將教育的犯事提前便事後的反思總結為事前的預防教化一開始就對研究生進行基礎的訓練讓他們瞭解如何規範的入行如何將得與行有機的統一起來除了關係到學生自身的利益之外對於科學事業及社會發展而言倫理規範教育對於任何相關的主體都是標的沒有倫理規範的學出進行場如同沒有法則的從臨嚴重損傷那些真正具有原創貢獻的工作者的積極性使得整個社會的創造力匯法停滯學生論文的作弊與科研人員的疲倦具有的習慣上的千年關係最終有相當一部分學生可能會走上科研崗位以言傳生教的方式影響到下一代學生的科研研警度和學術的規範度每個治理於科學研究者都需要理解,41.mp4
5,学术规范的价值导向与伦理约束,本课程探讨学术规范应秉持求真、求善、求美的价值导向，强调科研活动需追求真理与造福人类。通过案例分析，说明学术规范在防止科研失范、促进科学发展中的作用，帮助高校教师理解学术伦理的重要性，并在科研实践中坚守诚信原则。,/covers/42_57bb7205.jpg,/videos/42_57bb7205.mp4,2,16,1,170,96.67,1,1,学术规范,科研型,中级,"学术规范,价值导向,科研伦理,求真求善,高校教师",【】【】【】【【【【【【【【【【【【【【【【【【】同一們這一支點我們講課業論領取學助規範的價值導向課業論領取學助規範究竟應拿體現什麼樣的根本性的價值導向這裡的價值是表真意義的翻成我們認為課業論領取學助規範應當秉持著求真求善求美的價值導向只有在真善美的正確的價值指引之下課業論領取學助規範才可能合格求真就是要實事求事求善就是要造福人類求美就是要規範經檢求真和求善體現了課業論領取學助規範的目的價值而求美則體現了其形式的價值這三個方面是課業論領取學助規範形成和制定的思想先導是其實施推行的需要是防止其思效的平臟是其眼睛的動盈是繳鎮惡法技不正能規範的準則科學研究活動的性質決定了課業論領的原規範就是追求真理與造福人類那麼這兩個原規範可以推到出陳時客觀尊重有力公平等基本的原則在結合課業實踐可以得出一系列可操作的規範這體現了和規律性和和目的性的同意徐夢秋教授認為科學規範的系統的原規範只能有兩個追求真理造福人類前者是指導科學認知後者則是指導科學應用那麼追求真理實施求是就是要保證過程和結果的課關性探索背後的規律早期的研究往往是處於好極心和求之欲亞利斯多德認為精義是哲學和科學誕生的首要條件這種精義措施了科學家們試圖跑更問題他挖掘其背後究竟是合原因造成的現象例如瓦特發明的珍惜機最早是原於他對水燒開時珍氣推動奴格的好奇再比如背耳他研製出了第一台電話其在實驗時中偶然發現鐵片在死鐵前震動會發出聲音這一現象如果沒有追求真理的目的沒有一種好極心則科學原理不可能總結提電出來也就不會有進一步偉大的應用成果的出現在進行科學研究過程中科學家們出現發現科技可以推動生產力的發展因此科學應用得到了極大的推崇一些科研活動正式由於政府或者企業資金的資助拉動下說進行的例如美國陸軍部於1942年6月開始實施利用核裂變反應來研製的原子彈計劃一稱慢哈頓計劃這個項目集中了當時除了納粹德國以外西方國家中最優秀的科學家動員了10萬多人參加這一項目歷時三年浩茲二十億美元於1945年7月16日成功地進行的事件上第一次合爆炸並按計劃製造出兩顆使用的原子彈科研活動被期待用於促進社會發展增強國家實力科學家個人的興趣在價值級之中被弱化了甚至為利所取代學術不斷行為也是在這樣的情形下履履出現的此時必須要求對科研活動進行倫理上的約束以防止一些科學家因為個人的利益的考慮危害社會敗壞文明實強如果科學家出於各種考慮言治出生化武器非但不會造福人類還可能,42.mp4
5,学术不端行为及其治理,本课程以汉星造假事件为例，深入剖析学术不端行为的内涵、发生机制及严重后果。通过真实案例分析，帮助高校教师理解学术不端行为的定义、表现形式及治理措施，提升学术规范意识，防范科研风险，维护学术诚信。,/covers/43_262fdaaf.jpg,/videos/43_262fdaaf.mp4,1,12,2,165,94.85,1,1,学术规范,综合型,初级,"学术不端,科研诚信,学术规范,高校教师,师德师风","【】【【【【【【【【【【【【【【【【【【【【同學們,大家好下面我們講第三章學術不斷行為及其治理一節何謂學術不斷行為何謂學術不斷行為提到學術不斷行為我們可能會聯想到一論部分我們講到的漢星事件漢星事件中社會各界對於成果的期待和在於與最終造假期片形成了鮮明的反差漢星1號正式發布於2030的2月26日當天聖大的場面上海是政府新聞辦公室親自主持信產部科技司司長上海市的富士長上海教委教委的負責人吸收到場在發布會上由多名知名院士和863計畫集成電路專項小組負責人組成的建定專家組做出了一致的品質上海漢星1號及其相關的設計和應用開發平臺屬於國內手創達到了國際先進的水平是中國芯片發展史上一個重要的李成卑被視為漢星1號發明人的沉謀自然是榮譽加深被受於了上海市科技創業領軍人物的稱號特品為長江學者身間院長歸知識產權教育中心的C-O漢星科技有限公司的種材創期科技有限公司的種經理2006年1月17日一個類似美國水門事件中深厚的人物在清華大學水木清華BBS上公開指責沉謀發明的漢星1號屬於招下2006年1月28日科技部教育部成立了專家警察組並開始工作在其後的兩個多月當中專家調查組針對舉報人對漢星事件的舉報內容採取與舉報人當事人和相關人員的面談現場查驗技術文檔分析對比有關技術資料查驗芯片演示系統和調閱相關的音像資料等方式方法對漢星系列指責4號芯片的設計過程和性能指標等進行的全面的調查與合適漢星造假事件最終水落釋出原來2003年2月沉謀負責的團隊推出的漢星1號不過是從美國一家公司買回來的芯片故人將芯片表面的原有的標誌用砂紙磨掉然後加上漢星的標誌研製而成確因因為芯片成功被建定為完全擁有自主知識產權的高端集成電路是我國芯片技術研究獲得的重大突破此後隨著漢星2號3號4號相繼文式漢星項目成為了國家級重點科研公關項目學術不端終究自實期國科技部根據專家調查組調查的結論和國家科技計畫管理有關的規定最終終止了成謀負責的科研項目的執行追求了相關的經費取消了成謀以後承擔國家科技計畫課題的資格教育部也決定撤銷成謀長江學者的稱號取消了其享受政府特殊今天的資格追求了相應的撥款國家發改為也決定終止成謀負責的高技術產業化的項目執行追求相關經費成謀所在的高校按照學校的有關規定和程序決定撤銷成謀的院長的植物撤銷成謀的教授副格解除其教授拼任合同那麼這僅僅是學術不端行為的冰山一角何謂學術不端行為學術不端行為究竟有哪些內心的學術不端行為是如何發生的學術不端行為應當如何處理學術不端行為我們來探討一下他的發生學原理我們來探討一下他的發生學原理我們來探討一下他的發生學原理我們來探討一下",43.mp4
5,学术准则与科研行为规范,本课程深入探讨学术准则的内涵与重要性，明确科研工作者应遵守的基本行为规范。内容涵盖遵守法律法规、弘扬科学精神、严谨治学反对浮躁作风、公开公正开展公平竞争、相互尊重发扬学术民主等公认学术准则，帮助高校教师在实际科研活动中自觉遵守并维护学术诚信。,/covers/44_0a0cc7cf.jpg,/videos/44_0a0cc7cf.mp4,1,12,1,163,93.99,1,1,学术规范,科研型,初级,"学术准则,科研规范,学术诚信,高校教师,行为规范",【詞曲】下面我們講第二節 學術準則學術不斷行為是違反公認的學術準則違背學術誠信的行為我們在前面的課程中探討了何謂學術誠信那麼這裡 什麼叫學術準則的何謂公認的學術準則呢學術準則是指科研工作者在學術研究過程中應當遵守的基本的行為規範學術準則並非指摩種行政化的操作而是在學術共同體內部所構建的一種自覺的約束機制要求學術研究人員普遍遵守嚴格執行更要依靠自律和自覺學術共同體成員必須熟悉和掌握學術研究的行為準則並在實際行動中遵守這些準則只有遵守的學術準則才能在學術共同體中得到認可如果違反的學術準則則要受到否定雖然不同的學科學術準則可能有一些差異但所有的學科都有一些基本的公認的學術準則在所有的學科所有科研活動中公認的基本的學術準則至少有下裏無向第一是遵守法紅陽科學精神科技工作者應當是先進的生產力的開拓者是科技知識和現代文明的傳播者科技工作者的嚴刑在社會中具有較大的影響力科技工作者應當模範的遵守我國的法律法規不得有任何危害國家安全和社會穩定損害國家榮譽和利益的行為因積極紅陽科學精神傳播科學思想和科學方法正確對待各種自然現象不得參與支持任何形式的為科學第二是嚴謹的自學反對輻造的作風科技工作者應當堅持嚴肅嚴格嚴密的科學態度要終於爭執探求爭執自覺維護學術尊嚴和學者的生育不得虛報教學科研成果反對投機取小粗自難造低水平重複的螞蟻追求數量不顧智良的輻造作風和行為在項目設計、數據、統計、分析、公布、科研成果以及確認同事、合作者和其他人員對科研工作的直接建議貢獻方面必須實施求釋研究人員有責任保證所蒐集和發表的數據的有效性和準確性科技工作者不贏參與與本本人專業領域不相干的成果建定諾文評論或學位諾文的答便活動其三是公開、公正、開展、公平競爭在保守國家秘密和保護製產圈的前提下因公開、科研過程和結果的相關的信息追求科研活動社會效益的最大化開展公平競爭對競爭者、合作者做出的貢獻應當給予恰當的認同和評價在評議、他人的貢獻時必須堅持客觀標準避免主觀隨意不得以任何不道德非法的手段阻礙競爭對手的科研工作包括損壞競爭對手的研究設備或實驗結果故意研究考察和評審時間利用職權將未公開的科研成果信息轉告他人等第四是相互尊重、發揚、學術民主尊重他人的職產權通過引證、承認和尊重他人的研究成果和優先權反對不屬實的所名和侵肘他人的成果尊重他人對自己科研假說的正式和辯博對他人的質疑採取開成不公不偏不已的態度要求合作者之間承擔彼此相尊重的用尊重合作者的能力、貢獻和價值取向在各種學術評價活動當中要認真旅行的,44.mp4
5,学术不端行为识别与防范,本课程聚焦高校教师学术规范教育，详细解析抄袭、剽窃、侵占他人学术成果等常见学术不端行为的表现形式与认定标准。通过典型案例分析，帮助教师准确识别学术不端行为，掌握《高等学校预防与处理学术不端行为办法》相关条款，提升学术道德意识与规范实践能力，维护学术诚信环境。,/covers/45_0937a853.jpg,/videos/45_0937a853.mp4,1,11,0,164,94.31,1,1,学术规范,教学型,初级,"学术规范,学术不端,抄袭,剽窃,师德师风",【】【【【【【【【【【【【【【【【【【】同學們下面我們講第四節超習 嫖妓 親戰 她人學術成果高等學校預防與處理學術不端行為辦法第27條第一款為調節 超習 親戰 她人學術成果腐賴學術不端行為在所有的不端行為中種述最多 占比最大並且內行多種多樣這裡放在手裡也說明的超習表現是所有學術不端行為當中的最大惡極 最誇獲手超習是將她人的作品全部或部分以獲多或少改變形式或內容的方式當作自己的作品表現是未經他人同意授權將他人的語言文字圖表公式或研究觀點經過編輯拼湊修改後加入到自己的諾文當中的等材料並當作自己的成果超習與嫖妓在英文當中同為play著 rhythm但是在形式上有區別即便沒有逐字逐句的超習他人的成果而是改寫了成自己的文字如果缺少隱住等形式對他人的成果表示足夠的承認仍然屬於票竊其學術不端行為親戰他人的學術成果是將他人的成果具為己有 違規屬名等情況在實際當中三者往往沒有嚴格的區分認定為票竊很可能系赤樓樓的超習認定為超習的很可能系親戰他人的學術成果下面我們列舉一些票竊超習親戰他人學術成果的典型案例案例一是沉猛的碩士論文超習案二年一用連出微博微信朋友圈當中流傳的數章論文數據庫中國之往網頁的截圖兩篇高度相似的碩士論文分別來自於山東抹高校再次碩士沉猛所住的檔案開放利用與信息安全保障研究日期為二年一三年四月和安徽抹高校流抹所住的檔案開放利用的信息安全保障研究日期為二年一二年四月兩篇論文證文部分高度相似中文題目摘要關鍵詞幾乎一字不差兩文摘要均以檔案是人類歷史文明的常務的為開篇介紹了論文選題的意義並勾勒了論文六個部分的大概內容關鍵詞部分流的文字一字為檔案信息安全開放利用保障而沉的文字則是檔案開放利用信息安全保障僅次序不同而已兩文的主題均分為五個部分僅第一部分標題略有差別流文稱為序論而成文稱為前言另外四張題目均是一字的具體到各張小節劃分幾乎完全一字大多數小節標題甚至完全相同流某的論文與沉某的論文從文字從何比顯著超過60%大多數文字完全一樣兩文最大的區別是參考文竊流文列了113處參考文竊而沉的文字只列了18處參考文竊最為誇張的是志曦語兩篇文章均在志曦中寫道蘇山有路秦惟進學海烏亞苦作州在經歷了延下的庫術良爽的秋季冷裂的寒冬終於迎來了明美的春天在歷經千水百年竹子退橋苦苦探游後我終於完成了說是那種文的賺血看著這長達五萬多字的文章我的心情更多的是一種滿載的收穫厚的感激流的文字寫道我要感謝許多人首先應當是我的導師馬謀教授曾經記得多少次馬老師與我促襲常態中他教導我規範的學術寫作知識而沉的文字則直接將我的導師馬謀教授改成了流謀教授除了導師性命的改變幾乎沒有什麼兩樣可能由於諾文時間上網建議,45.mp4
5,学术规范：避免抄袭与学术不端,本课程探讨高校教师如何避免抄袭与学术不端行为。从历史背景分析“天下文章一大抄”的错误观念，强调原创性在学术研究中的重要性。课程介绍学术规范要求、抄袭风险及后果，包括《高等学校预防与处理学术不端行为办法》相关规定。帮助教师树立底线意识，掌握独立写作方法，提升学术诚信与规范实践能力。,/covers/46_d719afe2.jpg,/videos/46_d719afe2.mp4,1,12,2,171,96.78,1,1,学术规范,综合型,初级,"学术规范,抄袭防范,学术诚信,高校教师,原创性",【调查】同学们 下面我们讲第五节避免超习调竊在咱们国家的文化传统南东一直流传的这样一句不登大呀之堂的小小门天下文章一大潮看你会潮 不会潮天下文章一大潮在唐宋时期就已经流传了看你会潮 不会潮这事到明清时期在拼接上去的明清时期的科技考试将文章内容线于四书五斤等如学经典以沉诸李学为评价指度导致了文章内容无法发挥再由于问题相对固定只能采取形式将议的八股文使得超成为了一种无法逃脱的选择这样的文化与进和制度涉及是考生在协作时严重缺乏原创性这也导致了超成为了硬实的一种策略怎么超每个人都会有自己的理解有很多人就会将其理解为赵子别人潮别人是谁只要因情之一如此一王超成为了一种技术表示知识产权的苗切之风日深对于这种文化有很多人与批评所以才有寻章 灾剧老雕宠这种对于读书人嘲讽的经典评价当前我们正处于大的学术风气转型时期各种规范将超习飘序作为重点打击阵程对象既然超习飘序已经被列为十二之手而且很可能因此遭遇处理和惩罚我们就必须要改变这种风气要以原创性作为出发点从根本上抛弃天下文章一大超的错误理念要避免超习飘序首先我们就需要学会表达自己的观点当然有时候我们会觉得自己的学术休养不够看得文献不够多 功底交差但是在我们坚持看完诸多文献以后一定要向方设法自己独立写作和表达不断练习哪怕是初期写的不堪入目也要坚持锻炼 改于独立写作写的不好没关系可以在写作后不断修改 不断完善当然 有些迟到老师会有相反的观点鼓励学生在开始写作决断以超为主超的熟练了超出了许多知识和语言表达方式在开始写作我们认为这种教学方式在过去心的统但现在恐怕是一种危险的选择这是一个越来越透明 越来越规范的时代学术不断行为相比任何时代都容易被察觉我们每个人的学位弄而几乎都上网每个人发表的弄而都会在CNKI等文现库中被发现而超习表现是所有学术不断行为当中最容易发现的只要将弄而做做进行比对即可从政治法学的角度举政成本是最低的这需要我们数据一种风险控制观即将努力学习弄而写的规范避免表现超习防止日后冬床示发一个底线意识我认为就是要提醒自己不能超 不可以超不要抄 要自己写这是一个基本的底线其次我们要在自己头上放了一个景固中超了风险很大 超了不堪设想超了可能会被别人举报举报了以后下场很惨从高等学校预防与处理学术不断行为办法当中我们可以挖捷到只要是识名制举报且有线索 证据必然责任导人基本上学术不断行为人都会被处理即便是历名举报如果证据确实充分明显属于学术不断行为的也会被处理更何况是那些被媒体曝光的案例学校更是可以一直全进行直接处理亲自通报匹评 重责 辞退或解聘学生有学术不断行为的受到学籍处分如果与学位有直接关联的学位受于单位还要做暂缓受于学位不受于学位或者依法撤销学位的处理可以毫不夸张地说反抄袭 反苗戒已经可以和反腐败与比你在当前您容忍已经称为了处理学术不断行为的基本政策的情况下如果还有人干冒天下,46.mp4
5,科研数据造假案例与学术规范,本课程聚焦高校教师科研数据造假问题，通过分析伪造科研数据、捏造事实等学术不端行为，结合具体案例（如江西某高校教师数据造假事件），阐述学术规范的重要性。课程旨在帮助教师理解科研数据真实性的基础作用，识别学术不端风险，强化科研诚信意识，促进学术研究的健康发展。,/covers/47_e8238d0d.jpg,/videos/47_e8238d0d.mp4,1,10,1,158,92.63,1,1,学术规范,科研型,初级,"科研数据造假,学术不端,学术规范,高校教师,科研诚信",【】【】【】【】【】【】【】【】【】【】同兄们下面我们讲第六节伟造科研数据办法的第27条第3款将伟造科研数据似料文现注视或者捏造事实边造虚假研究成果纳入到学术部段行为的须列中来学术研究要实施求释对于科研数据似料文现注视进行伟造或者捏造事实边造虚假科研成果均为学术不成实不成性的体现均因纳入到这个犯出来在这其中伟造数据是很多学科尤其是理工科相当突出的一下学术部段行为研究数据是形成科研结论的重要基础研究结果的可靠性依赖于研究数据的真实可信任何数据收集和记录过程中的错误都会是后续研究工作的真实性无法保证任何边造或修改数据都是严重的学术不断行为下面我们举两个伟造数据的案例案例2009年国际学术期刊经体学报官方的网站发表文章称通过检测程序发现至少有70篇发表在经体学报C分券或1分券上的经体结构报告存在数据造假行为这些报告的作者在2006年至2008年年间紧平修改一套原始强度数据而发表了系列文章目前这些弄文已经被一次性的测销不仅如此经体学报还彻底封杀了来自该销的投稿经查这70篇被测销的弄文作者是来自江西某高校的中某一共是41篇和流某29篇最早发现造假世界的荷兰的S教授说对单金X设现的研究只在为分子沉灭研究提供相时可靠的数据为药物研发材料科学以及合成化学等后续研究提供支持经体学报一直持续收入此前以发表的数据边界们在复查数据时发现相当部分的数据存在问题经过经体结构数据全为的检测软件检验两人的数据确细伟造或许两名老师涉嫌学术造假的消息后该销利级成立了专家建议组展开和使工作最后认定中某的伟造及串给数据串给他人的研究成果造假弄文数量巨大流某要求中某代血弄尔必提供条件构成造假授权事实持造假弄文骗取成果确认未经他人虚可盗用他人的名义作为合作作者发表造假弄文造假弄文数量巨大中某和流某所在的高效遭开新闻发布会宣布相关处理决定测消中某造假学术成果随回所有造假弄文的全部的奖励3.2万元测消流某的造假学术成果因其弄文内容不属于其专业研究范围按学校规定位于奖励报警上级主管部门测消中某流某的高等学校教师资格解聘中某流某的高等学校奖食专业技术职务测消中某流某的高等学校奖食专业技术资格报警上级部门测消中某于2009年获得的高等学校副教授专业技术资格开除中某流某的工职同时给予中某开除党籍的厨奋2.案例上诉利用数据造假短期内发表了70亿元的弄文的学术超人般的案例让我们不尽想到了震惊全球的社恩策文在上个世纪70年代人们对学术部团行为的关注主要,47.mp4
5,学术规范：识别与防范伪造注释行为,本课程聚焦高校教师学术研究中的伪造注释问题，通过案例分析讲解伪造注释的定义、表现形式及危害。课程详细解析了以转引冒充直接引用、将他人的翻译成果伪装成自己阅读原文等典型伪造行为，帮助教师识别学术不端风险，强化科研诚信意识，提升学术规范实践能力。,/covers/48_94d0add5.jpg,/videos/48_94d0add5.mp4,1,7,1,152,91.33,1,1,学术规范,科研型,初级,"学术规范,伪造注释,科研诚信,高校教师,学术不端",【詞曲】同學們下面我們講第七節偉造駐式偉駐是在作品中不著名實際閱讀的文獻而是諾虛作假標註自己沒有實際閱讀的文獻從而蒙蔽讀者的行為偉駐的主要表現形式是以此代比張官李代逃江一般而言將轉引著轉變為直接引用尤其將一駐一文他人引著標註為引字原住原文很多作者並無外文閱讀能力禁止將他人的引住切入直入到自己的諾文當中來將他人的翻譯成果洋裝成自己的閱讀這種偉駐實際上是一種苗竊或超席苗竊和超席的他人的文字或議文如果作偉駐者的文字與前人的文字一模一樣甚至是一字不差則輕易地可以識別偉駐在某些情況下作偉駐的人改變了敘述的方式丁導或釣換句式結構句子之間重新排列組合並沒有實際閱讀原文這種情況仍然屬於偉駐下面我們來舉一個例子這是一篇論文的釋疑德國法學家葉林在他的一篇論文中指出從事契約地節的人是從契約交易外的消極義務範疇進入契約上的契機義務範疇其因此而承擔的首要義務契於地約時需善盡必要的注意否則契約交易將暴露於外不受保地約一方當時人不免成為他方的疏忽或不注意的犧牲品檢言之 當時人因自身過失至此契約不成立者對性其契約為有效成立的相對人因培長基於此向信賴而產生的損失這裡是隱子王澤健地約上指過失在民法學說與判例研究第五策第79頁那我們來看一下事一二事一二是這麼要揭露的我們認為當人們開始地約恰彈的時候他們彼此就承擔了一種先契約義務即在地約過程中竭盡注意避免因為自己的過失導致契約不成立或者無效從而給對方造成損害如果完全把地約過程至於法律保護之外一方當時人就可能因為對方的疏忽或欠缺注意而謀售損失卻不能得到任何的救急總之當時人因自己的過失導致契約不成立或無效的時候相信契約為有效成的另一方得主張基於其信賴利益的損害培長隱住隱的是奸林在1961年所住的這樣的一個德文原文隱文因以原始文現和第一首資料我原則反應用他人的觀點方案資料數據等無論層服發表無論是指致或的電子版均影詳細加以助詩反轉隱文現資料因如實說明上述是一所謂為助雖然此文確實屬於王澤建所寫但是沒有標誅轉隱字葉林而是一二更所謂為助實際上從王澤建前術的諾文柱結中找到了葉林的德文原文出處袍製出了一個角柱屬於典型的尾柱假如作者用葉林認為代替我們認為並且從王澤建前術諾文柱結中找到了葉林的德文原作的出處如法袍製出一個角柱這是否是尾柱呢答案是肯定的因為這樣做事業的作者實施了兩項欺詐行為第一他根本沒有閱讀德文原作卻誤導讀者相信這一段文字是他對葉林原作的理解第二這一段文字本於王澤建的異文沒有王澤建的異文存在就不可能出現失意而作者也隱瞞了這一事實,48.mp4
5,学术规范：防范虚假信息申报,本课程聚焦高校教师在课题、成果、奖励、职务及学位申请中提供虚假信息的学术不端行为。通过解读《高等学校预防与处理学术不端行为办法》相关条款，结合三个典型案例（如湖北某高校教师伪造论文署名、北京某研究所人员冒用他人成果等），分析虚假信息对评审公平性、科研秩序的危害，强调提供真实学术信息的重要性，帮助教师筑牢学术诚信底线。,/covers/49_cea7dc1e.jpg,/videos/49_cea7dc1e.mp4,1,9,2,154,91.79,1,1,学术规范,综合型,初级,"学术规范,虚假信息,科研诚信,申报材料,学术不端",【许甲信息】同学们 下面我们讲第八节提供许甲信息高等学校预防与处理 学书不断行为办法第27条第五款规定的在深报课题 成果 奖励和植物评审评定申请学位等过程中提供许甲信息这也属于学书不断行为通过申请获得课题 成果奖励 学位已经成为当今科研活动的重要环节植物评定评审 也同样需要申请为了保证评审的公平公正申请者必须为评审提供客观的评价基础即真实的申请材料 真实的学书信息如果申请者提供许甲的信息则可能会增加评审的成本近而 绕乱教学科研的正常秩序今晚我们认识到无论是课题 成果奖励 植物还是学位都存在着一定的竞争性但是无论如何 欺骗和误导平审人都是不到他的应当属于学书不断行为学书信息一般包括申请人继续团队成员的检例工作条件 已有的相关的研究成果等相关的学书不断行为的案例是旅舰不行下面列举下列三个案例第一个案例 湖北某高校 毫某凭借训甲的SEI论文于2011年 申报国家自然科学基金获得了资助2012年又再一次申报他在申报书当中将自己说成是澳大利亚的访问学者即说实生导师经国家自然科学基金会员会监督会员会调查军系子区无忧他实际上重位出境也没有说到资格他在2011年2012年 两份申请书当中所列的以发表诺文当中六篇次英文诺文实际数名并不是他自己毫某呢 创改了诺文的数名将自己列入诺文的作者同时捏造了一篇至今上位发表的诺文军 2013年5月29日国家自然科学基金委员会监督委员会四界一次的全体委员会议神议根据国家自然科学基金委员会调例即使国家自然科学基金委员会监督委员会对科学基金资助工作中不断行为的处理办法等规定决定撤销毫谋2011年度面上的项目追回以波的经费取消毫谋国家自然科学基金项目申请资格四年给予毫谋通报批评第二个案例呢是北京某研究所流某这个流某呢是一位男士他在2011年度获得一项青年基金项目在及研究背景中列了一篇发表在美国科学院院报上的诺文该诺文的第一作者为同名同性的牛某标注的单位呢为哈佛医学院但这个牛某呢是个女性而非比牛某男性实际上在这期间两位牛某都在哈佛大学做研究牛某男的正好利用了这一点实施了学书不断行为以公开为成质最终国家自然科学基金委员会将上述两个案例列入了2010年以来基金委员会监督委员会受理的科研不断行为投诉举例的典型案例科研院都受到了相应的触罚第三个案例是2003年上海某著名高校首次面向全球招聘的八位院戏以及负责人造下案而这个阳某真是通过这次的案例,49.mp4
5,学术成果规范与署名伦理,本课程聚焦高校教师学术规范中的关键问题，详细解析篡改他人学术成果、违规署名等学术不端行为的具体表现与认定标准。通过案例剖析，帮助教师理解学术成果的正当使用原则、署名权的合理行使，以及合作研究中贡献认定的规范要求，提升教师在科研活动中的伦理意识与合规实践能力。,/covers/410_573c5733.jpg,/videos/410_573c5733.mp4,2,10,1,161,94.85,1,1,学术规范,科研型,中级,"学术规范,署名伦理,学术不端,科研诚信,成果认定",【许晓明】同学们下面我们讲第九节创改他人学术成果科研成果学术那文为归署名买卖代钱那文下面我们来讲另外的三种法定的学术不断行为首先是创改他人的学术成果办法的第27条第2款为创改他人学术成果相比第一款的行为该类学术不断行为叫我隐蔽由于隐发的署名权真意叫小在实践中显有被处理的情况27条第1款规定的侵占他人的学术成果因此此处的创改他人的学术成果案例不包括侵占的行为创改他人的学术成果的行为没有造成将他人成果站为自己名下在美国科研呈现的相关规定当中创改主要是只在科研过程当中用作为的手段将自己的期望随意的改动任意取捨原始数据或实验是结果符合自己的研究结论支持自己的观点而这与27条第3款的伟造科研数据是相进合的为了保持办法的27条列举的几类学术不断行为的体系性这里的创改意为使用作为的手段对他人的理论观点观点 文字进行改动或区节由于学术成果需要融入前人的智慧学术文本将会一定程度上改变所原因的文本理论上讲了总会有一些非理性的马太效应借用一些全威作者的观点容易凸显文章的影响力这导致的作者很可能会区解前人的文字万文生意断章取忆 拼湊纳尔或者将前人没有说过的话印塞到他的口中在原因的表达或观点上的意造归属于被原因人的新的表达或观点或者捏造语言文字与被原因者的观点关系这些都属于创改他人学术成果的行为研究成果学术论文的违规属名那么办法第27条第四款的为参加研究或创作而在研究成果学术论文上属名未经他人的许可而不当使用他人属名虚构合作者共同属名或者多人共同完成研究而在成果上为著名他人的工作贡献这也是属于学术不单行为对于研究成果学术论文的属名问题需要考虑实际贡献和对研究所负责任的大小只有对研究成果学术论文做出了实际的贡献并可以为之负责的人才具备作者的身份具备属名权符合作者标准的人不可以播脱其属名前对不符合作者标准的人不因受职位直称学力等因素的影响不因以利益作为交换将其虚构为论文的作者承担或取研究资助收集数据提供实验条件提供资料或者写作上协助的人员或对研究小组进行一般性的管理与监督的人员不具备作者的身份不因享有属名权对不符合作者属名的要求但确实对研究工作做出了贡献的个人或组织应当以适当的方式与确认比如在专注或论文的致谢部分说明他们的贡献研究成果学术论文的属名必须符合不播脱原则不虚构原则不正与原则不耐用原则为参加研究或创作而在研究成果学术论文上属名未经他人的许可而不当地使用他人的属名虚构合作者共同属名或者多人共同完成研究而在成果上为住民他人的工作贡献军属于学术不断行为在时间中导师和学生之间的合作的研究成果学术论文经常有本相的学术不断行为秦行出现,410.mp4
5,学术规范：一稿多投与重复发表解析,本课程深入解析学术规范中的一稿多投、一稿多发和重复发表现象，明确三者概念区别与关联。通过案例分析，帮助高校教师识别科研发表中的失范行为，了解期刊编辑部的预防与处理措施，提升教师在自然科学与人文科学领域的学术诚信意识与规范实践能力。,/covers/411_9250bac5.jpg,/videos/411_9250bac5.mp4,2,10,1,160,94.54,1,1,学术规范,科研型,中级,"学术规范,一稿多投,重复发表,科研诚信,高校教师","【音樂】同學們,下面我們講第十節一搞多頭一搞多發重複發表一搞多頭是同樣的信息像兩種或者兩種以上的競爭性的出版物如期刊雜誌及出版社同時或相繼的投稿而一搞多發呢則是在同樣的信息在兩種或兩種以上競爭性的出版物上同時或相繼發表而重複發表呢試指作者像不同的出版物主要是指科技期刊投稿時其文稿內容如假設方法、樣本、數據、圖表、論點和結論等部分有相當重複而且文稿之間缺乏充分的交叉引用或標引的現象三者具有一定的觀念性一搞多頭是一搞多發的前提條件如果一搞多發是在作者不知情的情況下發生的則不應歸糾於作者一搞多發正式由於作者一搞多頭或者至少是同意墨許的情況下所謂重複發表的包含了一搞多發的情況當然重複發表的範圍要寬於一搞多發具體包括一是完全相同的頭稿發稿二是知解型的頭稿發稿比如作者把A文章分成的B文章和C文章然後把ABC三片文章投地給了不同的期刊三是改頭換面型的頭稿發稿作者緊對文章的標題做了更改結構和內容不發生變化四是組合型的頭稿發稿除了改換文章的題目以外對斷落的前後連接關係進行調整但整體的內容不變五是與種變化型的頭稿發稿比如作者把以中文發表的弄文翻譯成的英文或者以其他外文發表在國際駐族權公約地約國的期刊上發表這是國際管理當中也被那為一搞多發的情況是違反國際駐族權公約準則的行為有人將一搞多發重複發表的行為是為自我了解對於一搞多發的行為期刊編輯部既可以利用減所技術與約束性的合約來進行預防也可以通過撤稿發表聲明等方式對其進行道德譴責和相關的城堡重複發表涉及到更重要的認定問題即兩篇或多篇文章之間到合總的相思性才構成重複如果單中亮的角度認定是由簡單粗暴那麼致的認定應當又以合總致為標準如何看待和處理研究過程中沉上起下性與自我重複的關係過多的以標誅的自我引用就不屬於重複發表了嗎上述一系列問題不可避免所以說明自我重複認定的複雜性若非該領域的專家反覆的爭奪刊對對其所進行的清帥性的認定和分析接不足以為平在自然科學領域研究對象是誤追求準確性真理性因此在學術文章中注重實驗的紀錄與分析因而學術文章調理分明常常使用分析符號將不同層次的觀點分割開追求從目的方法到結論的直線性的敘述科研文章遵循目的方法結果結論的直線思維和寫作所以對自我重複質的平定比較異形可通過關上數據結論目的的方法得到比較直觀的答案而在人文科學領域其研究對象為人追求人類的終極價值在學術文章中注重表達對世界的獨特看法第二態認為人文學科有三個層次是事實命題 價值判斷其中 價值判斷是最高層次當人文學科發展起來的時候除了他的知識以外他還會包括一種與價值理想歸於人文學科",411.mp4
5,学术不端行为界定与案例分析,本课程详细解读严重学术不端行为的六种具体情形，包括造成恶劣影响、利益输送、打击报复举报人、有组织实施、多次实施及其他严重后果。通过国内典型案例分析，帮助高校教师清晰识别学术不端行为边界，强化科研诚信意识，提升学术规范实践能力。,/covers/412_47b68fa6.jpg,/videos/412_47b68fa6.mp4,2,13,2,171,97.78,1,1,学术规范,综合型,中级,"学术不端,科研诚信,学术规范,高校教师,案例警示",【小明星】同學們 下面我們講第11節琴節嚴重的學術部段行為辦法規定呢學術部段行為的六種嚴重琴節具體包括其一 造成惡劣影響的如引起媒體廣泛報導與社會輿論大規模的討論或者通過學術部段行為騙取國家重大課題涉及課研基金數額巨大等其二 存在利益輸送或者利益交換的如大規模的買完諾兒匯入相關課題平利人以獲取不正能利益等涉及到前學交易的情況其三 對舉報人進行打擊報復的如 倒過來無限舉報人匪邦在舉報人的畢業論文答辯上惡意雕欄無故扣發舉報人的工資獎金等其次 有組織的實施學術部段行為的如組織非法 學術部段談火短時期內大量實施 學術部段行為等其五 多次實施學術部段行為的對於多次的定義在不同情況下應該有不同的數量 界定只要超過了該學術領域一般性的 學術部段行為的次數就應當認領為多次其六 其他造成嚴重後果或者惡理影響的此調為 到底 條款為 學術部段行為 封了口防止相關行為人報的角性的心理網圖逃過 懲罰上述標準 儘管不能回復既往已經發生的案例當中有一些已經達到了親戚嚴重的標準中科院編寫的科學與誠信發人身形的科研部段行為案例中列舉了19個科研部段行為的典型案例均產生了惡理影響儘管選取的案例是以國外為主但是仍然有兩則是國內案例其中 禮某 偽造 疲倦事件是其中之一2007年底 閃息姆高校楊某教授看到教育部科技進步講項目公式 感到不可思議其曾經教過的學生而是現在也是能弄學院的教授李某 申報的科技進步一等講的題目是網副是壓縮機理論及其系統的理論研究關鍵技術及系列產品的開發而楊某教授確信李某從來沒有重視過該領域的研究李某的研究方向為握選是壓縮機並不是申報講向反覆是壓縮機他誇大了自己的研究成果涉嫌學術造假一個人從來沒有涉足過網副是的壓縮機的人怎麼能有如此大的膽量去申請國家界打強呢楊某隨後從學校科研處獲得了申報材料於是找到預謀成謀林某 逢某 驅謀等五位曾經的老同事一起來討論這一事情該校的壓縮機專業是中國的首創六位舉報人是該校壓縮機領域的研究專家而這六人當中有五人曾經擔任過李某所在本科班教學或者畢業設計指導的經歷其中 預謀還是李某說是博士企業的指導老師詳細 審閱 報講的材料之後2008年的1月26日六位教授當中的四位向校方提交了否定的評議意見認定 李某存在造假情節主要的理論和技術成果根本無先進性可言把其他單位原有技術抱為他們的自己的技術與這些單位共同研發的技術全部為那為自己所擁有的技術把其他單位早已擁有的主要的產品說是應用了他們的理論和技術成果開發的產品或者是共同研發的產品評議意見提交了54天以後六人來到的學校等到了學校的首次的通知據陳某回憶當時三位校領導的意思是學校 地處 西北學校的科技排名比以前來自不易希望大家要慎重的對待同時希望不要激化矛盾範疮上 陳某教授隨身帶著目標,412.mp4
5,学术不端行为的危害与防范,本课程深入剖析学术不端行为的五大现实危害：浪费学术资源、逆向淘汰优秀学者、误导学生成长、损害科学公信力及破坏社会道德底线。通过具体案例解读，帮助高校教师认识学术不端对科研生态、人才培养和社会信任的深远影响，强化科研伦理意识，维护学术规范与师德师风。,/covers/413_ad088aa7.jpg,/videos/413_ad088aa7.mp4,2,12,1,164,95.39,1,1,学术规范,科研型,中级,"学术不端,科研诚信,师德师风,学术规范,高校教育",【】【】【】【】【【【【【【【【【【【【【【【】同學們下面我們講第12節學術不單行為的危害我們曾提出學術不單行為就好比偉烈商品拉機股票福花政績銀行不了自裁那樣女人生業除了她本身不合規不道德她到底有什麼樣的現實危害呢【】【】【】【】【】【】【】【】【】【】【】【】【】【【】【】【都收益 会导致列币驱逐两币的现象发生造假的成果发表的影响力比较大的期盘上是比时那些老老师做学问的人得不到晋升和重视那些伟业的科学家掌握了话语权 获得了大量的经费实际上立向淘汰了真正做学问的人第三是货害学生 老师造假无法隐瞒住学生而老师的严刑对于学生的影响是非常的大的如果造假的科学人员 评借学书不断行为 获得了比较好的社会地位及其利益 学生也会去模仿 如此货害下一代 上量不正下量歪第四点危害是王科学学书不断行为严重地损害了科学的攻心力整个社会容易对科研成果 科学对务产生严重的不信任这对于科研的生产力转换产生的巨大的障碍社会各界运用科研成果也就会相当困难这实际上是变相的 王科学第五点危害是王天下如果我们社会做人的底线和基本的道德都能上了实际上是王天下我们每个人都会当有责任维席社会的论力道德如果学书不断行为慎行的话无法想象整个社会的风气 道德 攻心力会遭遇到什么样的破坏我们认为住院市的贫家是非常中肯的我们再次基础上加一解读发现这五个危害 实际上是对科研本身执轮的冲击和损害首先关于魔财害命学书不断行为无度的浪费的大量的学书资源造成了大量的低水平的重复研究其中包括了反复力下一搞多发反复申报成果导致了原创性的区法有的学书造假行为导致后人首先需要去证据再去证诚浪费的大量的时间精力 人力物理学生重视学书不断行为也会造成同样的效果大学是鼓励学生学会独立思考的不断创新的地方从而培养成为对社会有用的人才而学书不断行为尤其是超习表现使我们的学生待于思考大量的时间纯粹摘粗 拼湊 得不到任何的原创性的锻炼攻击学位 写作弄人成为了没有太多意义的模仿浪费的人生中最宝贵的时光因而魔财害命毫无为过关于立向淘汰 实际上是说学书不断行为破坏了正常的学书秩序伤害了学书自身的创新和发展那些粗自难造假冒伟练超习飘洩的方式制造的学书成果比较快而老老实实扎扎实实的研究这成效比较慢这倒是了伟学问很可能会淘汰掉精品中国古代学者一直追求未天地力心为生命力命 为往胜 继绩学为万世 开胎品这一直是知识分子的使命如果知识分子都只追求效率和功力则整个知识界将物严长期没有人踏实伟学只会恶心惊认作为我们学生同样舞弊超习从而获得较高的评价,413.mp4
5,学术不端预防与处理基本原则,本课程系统讲解预防与处理学术不端行为的四项基本原则：预防为主、教育与惩戒结合、正当程序、行为与责任相称。重点阐述教育预防在高校学术治理中的核心地位，包括完善学术评价体系、加强学术规范教育、建立监督机制等内容，帮助教师从源头上减少学术不端行为，营造风清气正的学术环境。,/covers/414_37cd13cf.jpg,/videos/414_37cd13cf.mp4,2,12,2,163,95.37,1,1,学术规范,综合型,中级,"学术不端,预防原则,教育机制,学术规范,高校治理",【宝贝的许语】同学们 下面讲第13节预防与处理学书不断行为的基本原子首先我们来谈一下 1 个学书不断行为预防与处理的基本原子我们认为预防与处理学书不断行为因尊寻下列四下原子预防为主教育宠介相结合正当沉许以及行为与责任相称的原子在预防与处理学书不断行为办法起草之初名为高等学校处理学书不断的行为办法并没有教育预防这张也就无法体现预防为主教育宠介结合的基本原子当时办法主要定位为通过部门规章严肃查处学书不断行为体现对学书不断行为您容忍的高压态势然而在洗草过程中专家们一致认为学书不断行为的应对因前置寄预防为主尽可能通过教育培训等方式将科研轮语与学书规范直入到高等学校各类主体的思维方式当中去使其形成良好的科研习惯学书不断行为是教育科研领域的读流教育因当危险而且因当惯测始终因当中在建立学封教育机制并是预防与教育机制规范化尽管我国当前学书不断行为是有发生我们依旧认为亡仰不牢为实未完对于学书不断行为人呐以防范与未然为优先的选择一般预防寄教育培训等措施因当优于特殊预防寄处理成戒等措施学书不断行为的举报受理处理等程序只能对于个别违反学书道德者予以宠制具有顺时性个别性缺乏足够的持久性和普遍性而教育预防的对象这是那些没有涉嫌学书不断行为的人其一般预防惯诊于始终从源头上减少控制各种学书不断行为是办法的直接诉求也只有这样才更为持久的进化高等学书便于营造风轻气震的学书环境工作点前置加大了对教育预防的份量符合办法的立法的目的和原因关于预防为主的原则主要体现的办法的第二章在受理与调查认定处理之前先与规定教育预防规定的高等学书要应当完善学书治理体系建立科学公正的学书评价和学书发展制度营造鼓励创新宽容失败不交不造风轻气震的学书环境应当家学书规范和学书陈信教育作为教师培训和学生教育的比较内容以多种形式开展教育培训在上述目标导向基础上规定的教师对学生闺儿写作的检查与审核知识产权查询学书规范监督机制科研管理制度数据资料保存生报材料学书成果公开学书陈信记录及考核的方面尽管只有第七条至第十一条六个条文但是却覆盖了教育预防的主要内涵制度体系以及价值导向需要指出条文的西书与预防为主的原则并不冲突相关制度的罗列教育全面但是不一系化即所谓的一粗不一系原因融下一是这些制度并非警为预防学书不断行为而设置不一在专门的应对学书不断行为的办法中与一系化例如知识产权查询制度主要目的在于避免所要保护的知识产权与在先的权利相同保证所申请的知识产权是有效的二是这些制度仍然处在不断探索与完善中无法在办法中,414.mp4
5,高校学术不端行为预防与处理,本课程围绕高校学术不端行为的预防与处理展开，重点讲解高等学校作为治理主体的职责与机制。内容涵盖学术不端行为的系统化治理、高校主体责任的法律依据、学术委员会的作用发挥，以及党委领导下的校长负责制在学术建设中的实践。旨在帮助高校教师理解学术规范，提升预防与处理学术不端行为的能力，促进学术诚信建设。,/covers/415_c750fc9c.jpg,/videos/415_c750fc9c.mp4,2,13,2,164,95.49,1,1,学术规范,综合型,中级,"学术不端,高校治理,学术规范,预防处理,主体责任",《同学们》下面我们讲第十四点预防与处理学书不断行为的主体极其指责学书不断的治理是一项系统化的工程涉及的面广反映的设计问题交为复杂高等学校对学书不断行为的治理必然不是从单一的唯独便可以必其供于一意的需要多方面的年动配合打出组合权全方位多角度有内及外及内的预议应对才可能扩大并拱顾战国实现学书不断行为的治理的实效高等学校预防与处理学书不断行为办法强调了高等学校是学书不断行为预防与处理的主体高等教育法等法律以明确高校查处学书不断行为是其职责和全现办法明确了高等学校是学书不断行为预防与处理的主体正式遵从了善为法的有关规定高等学校对本校有关机构或者个人的学书不断行为的查处具有直接责任这与知识产权争议塑猪行政或司法等公权力机关不同学书不断行为的查处更像是学书自治体高等学校内部的事物在一般情况下行政机关是不会介入学书不断行为的处理的除了学书自治权之外行政机关往往缺少专业的学书队伍对于学书专业理解有不足的地方不是一对专业性质的学书不断行为来加一人地在当前我国强调大学制治的背景下但话行政机关对学书不断行为的管载是适合的为了旅行主体责任高等学校应当建设及教育预防监督 沉制与议体的学书呈现体系建立有主要负责人领导的学书建设工作体系明确职责分工依据本办法 完善 本校 学书不断行为预防与处理的规则与沉血应当充分发挥 学书委员会在学封建设方面的作用支持和保障 学书委员会依法 旅行职责调查认定 学书不断行为要遵循 客观 公正合法的原则 坚持标本 坚制综合 治理 城房 病局注重预防的方针制定切实可行的处理方法做到有法可以 有张可寻2014年10月15日中共农牙办公厅印发了关于坚实和完善普通高等学校党委领导下校长负责制的实施意见并发出通知 要求各地区各部门结合实际认真 贯彻之行该意见指出高校的所有工作均采取党委领导下的校长负责制而建设学封 打击学书不断行为是高校的重要战略部署之一以意见为基础办法确立了主要负责人领导的学封建设机制该机制符合我国高等学校的实际状况有利于明确责任人 防止责任推卸的情况出现在当前的情况下我国高等学校最高的权威人物一般为高等学校的主要负责人其在内部的制度建设人事管理的方面具有绝对的权威性通过对其规定责任制可以有效的多促其积极约束下极的行政人员加强制度建设实现有效的学封控制从而有效预防和处理高等学校的学书不断行为办法规定高等学校引到充分发挥学书委员会在学封建设方面的作用支持和保障学书委员会依法律行,415.mp4
5,学术规范教育与预防措施,本课程聚焦高校教师学术规范教育，强调教育引导、案例警示与责任落实。内容涵盖学术不端行为的预防体系、监督机制及教师指导责任，旨在提升教师学术道德修养，引导学生遵守学术规范，营造风清气正的学术环境。,/covers/416_1a03017f.jpg,/videos/416_1a03017f.mp4,2,17,2,178,99.25,1,1,学术规范,综合型,中级,"学术规范,学术不端,高校教师,教育责任,监督机制",好 同学们下面我们讲第十五节学术部团行为的教育与预防措施高等学校首先需要坚持教育引导的作用大力宣传科技界制学典范和民德凯摩积极唱导严谨求实 永于创新的科学精神不仅如此 还应当进行学术部团行为的沉浸案例的紧视教育从正反两个方面来引导科研工作者严格资率并加强科学道德的修养高等学校印江学术规范和学术沉浸教育作为教师培训和学生教育的必要内容一多种形式展开教育和培训教师对其知道的学生引导进行学术规范 学术沉浸教育和指导加快建立覆盖全国科学工作者积极青年学生的科学道德长校教育机制在教育基础上明确相应的责任 完善 学术部团行为的预防体系和环境教师对学生公开发表的弄文 研究和撰写的学位弄文是否符合学术规范 学术沉浸 要求建立必要的检查与审核机制高等学校应当遵循学术研究的规律建立科学的学术水平考核评价标准和办法引导教学科学人员和学生潜心研究形成具有创新性 独创新的研究成果通过建立科学评价和学术发展制度 引导风清气震的学术环境从而有效的预防学术不断行为的资深和发展预防和监督虚于不可分 因强化监督约束充分发挥学术共同体内部监督和社会监督的互动机制完善 识别查处学术不断行为的信息技术手段建立对学术成果学位弄文所设计的内容的知识产权查询制度 建权学术规范的监督体系为了预防学术不断行为并强化监督高等学校引导建立监权科研管理制度在合理的期限内保存研究的原始数据和资料 保证科研党案和数据的真实性 完整性引导完善科研项目的平省 学术成果的建定程序结合学科特征对非社密的科研项目的生报材料学术成果的基本信息以适当的方式公开下面我们来讲一下具体的问题办法明确规定教师对其指导的学生应当进行学术规范 学术呈现教育和指导对学生公开发表弄文研究专协学位弄文是否符合学术规范学术呈现的要求进行必要的检查与审核这里规定的指导老师关于学术规范学术呈现的教育责任机制这里的指导老师主要是指研究生本科生导师也包括了其他有指导行为的受课老师这种教育责任者实际上是一种年保责任者他与学校愿系对老师的学术规范学术呈现的培训是相扣的年保责任者确立目的在于通过在地署与指导关心内部事家年代的后果压力以利益和责任的优关性多速其提高遵守学术呈现和学术规范的水准这种年保责任者尤其体现在学位弄文的指导上对于学位弄文导师必须要对研究和钻写的全过程进行监督和指导指导学生合理的引用文现避免超细表现造假等学术不断行为在学生达遍前导致应当对弄文这些严格的审查对原始实验数据引用文现及其支撑性的材料与以何时认真审查专写过程当中是否有学术不断行为对弄文的学术规范方面的遵守情况提出中肯的意见早在2010年国务院学位委员会公布的关于在学位受委工作当中加强,416.mp4
5,学术规范：避免抄袭与学术不端,本课程针对高校教师，深入探讨学术抄袭的历史文化根源及其危害，结合当前学术规范转型背景，分析抄袭行为的法律风险与处理后果。课程强调原创性写作的重要性，提供避免抄袭的实用方法，帮助教师树立底线意识，提升学术诚信素养，适应日益透明的学术环境。,/covers/417_d14777d2.jpg,/videos/417_d14777d2.mp4,1,12,2,171,96.85,1,1,学术规范,综合型,初级,"学术规范,抄袭防范,学术诚信,高校教师,原创写作","《《《《《《《《《《《《《《《《《《《《《《《《《《《同學们,下面我们讲第五节避免超习挑战在咱们国家的文化传统南东一直流传着这样一句不登大呀之堂的小小门天下文章一大超看你会超不会超天下文章一大超在堂宋时机就已经流传了看你会超不会超则是到明星时期在拼接上去的明星时期的科技考试将文章内容现于四书五斤等如学经典以沉诸礼学为评价指渡导致了文章内容无法发挥再由于文体相对固定只能采取形式将业的八股文使得超成为了一种无法逃脱的选择这样的文化与进和制度涉及时考生在写作时严重缺乏原创性这也导致了超成为了硬实的一种策略怎么超每个人都会有自己的理解有很多人就会将其理解为照着别人潮别人是谁只要因情之一如此一王超成为了一种技术表示知识产权的苗切之风日盛对于这种文化有很多人与批评所以才有寻章灾剧老雕虫这种对于读书人潮諷的经典评价当前我们正处于大的学术风气转型时期各种规范将超习苗切作为重点打击证实对象既然超习表现已经被列为十二之手而且很可能因此遭遇处理和承访我们就必须要改变这种风气要以原创性作为出发点从根本上抛弃天下文章一大操的错误理念要避免超习表现首先我们就需要学会表达自己的观点当然有时候我们会觉得自己的学术休养不够看的文现不够多功底交差但是在我们坚持看完诸多文现以后一定要向方设法自己独立写作和表达不断练习哪怕是初期写的不堪入目也要坚持锻炼改独立写作写的不好没关系可以在写作后不断修改不断完善当然有些指导老师会有相反的观点鼓励学生在开始写作决断以超为主超的熟练了超出了许多知识和语言表达方式在开始写作我们认为这种教学方式在过去心的统但现在恐怕是一种危险的选择这是一个越来越透明越来越规范的时代学术不断行为相比任何时代都容易被察觉我们每个人的学位弄而几乎都上网每个人发表的弄而都会在CNKI等文现库中被发现而超习表现是所有学术不断行为当中最容易发现的只要将弄而做做进行比对即可从政治法学的角度举政成本是最低的这需要我们数据一种风险控制官即使努力学习弄而写的规范避免表现超习防止日后冬冲事发一个底线意识我认为就是要提醒自己不能超不可以超不要超要自己写这是一个基本的底线其次我们要在自己头上放了一个警估中超了风险很大超了不堪设想超了可能会被别人举报举报了以后下场很惨从高等学校预防与处理学术不断行为办法当中我们可以挖接到只要是实民制举报且有线索证据必然责任导人基本上学术不断行为人都会被处理即便是匿名举报如果证据确实充分明显属于学术不断行为的也会被处理更何况是那些被媒体曝光的案例学校更是可以一直全进行直接处理亲自通报匹评重责辞退或解聘学生有学生不断行为的受到学籍处分如果与学位有直接关联的学位受语单位还要做暂缓受语学位不受语学位或者依法撤销学位等处理可以毫不夸张地说反抄袭犯票戏已经可以和反腐败于比你在当前您容忍已经成为了处理学术不断行为的基本政策的情况下如果还有人干冒天下",417.mp4
5,导师职责与学术传承规范,本课程聚焦高校研究生导师的基本职责，重点讲解学术传承、培养规划等核心内容。基于《科学道德与学风建设学习参考大纲》，系统阐述导师在知识传授、方法指导、职业发展等方面的规范要求，帮助教师明确角色定位，提升师德师风素养。,/covers/418_167b2c7f.jpg,/videos/418_167b2c7f.mp4,1,15,2,166,94.52,1,1,学术规范,综合型,初级,"导师职责,学术传承,培养规划,师德规范,研究生教育",我我我我我我我我我我我我我我我我我我我我我我我我我我我我我同學們下面我們講第四章課業活動中的人際關係第一節導師對於學生的基本職責輪理指射人際關係輪是廁序之畏業輪理似乎辨識之關於廁序關係的基本原理在課業活動中各種因然的人際關係是課業輪理最為關注的面這裡我們探討集組與我們修棄相關的人際關係導師對於學生的基本職責研究生導師是指導研究生的第一則人人對於研究生的培養是一種全過程的培養其環節包括教授知識指導課業活動探討學術問題指導鑽血學位諾文規劃職業發展本諸多方面無論是老師還是學生都有必要了解導師的基本職責看看其是否符合角色要求廣大課業工作者必須對學生導師的職責有親吸明確的定位根據全國科學道德和學封建設宣講教育領導小組2012年所編的科學道德與學封建設學習參考大綱我們需要正確的認識導師有下列基本職責一是要形成良好的學術傳承目前我國研究生導師指導制度仍然是單一的導師之為主體單一導師之也是各國研究生教育的主要模式既由一名導師負責研究生的學習、研究、生活等方面的指導工作在這種學圖制的框架下導師對於學生承擔著相當的職責在既有的學術普遍中不斷前進是導師與學生必須要特別關注的學術的傳承首先在於獨特的學術思想學術觀點和學術理論體系的傳承導師應當積極關心學生的進步和成長教會學生掌握學習方法引導幫助學生在學習和課研的道路上不斷前進學術傳承還包括自學理念方法與犯事的繼承和發展導師不僅需要掌握學科知識和專業技能還應當針對學生的不同性學和能力採用恰當的方式組織調整和呈現知識導師在教學中應當融會背景知識和教察學科知識掌握學生的心理實現把學科的知識轉化於一語學生接受的內容茶月進百年來諾貝爾物理學獎獲得名單有試圖關係的比例高達40%以上而在美國這比例高達60%例如1938年諾貝爾物理學獎得主廢名曾培養了6名獲獎者分別於1922年1939年融獲諾貝爾物理學獎得波爾和勞倫斯各自培養了4名獲獎者還有一些表現出奇妙的多代延續的現象形成了年環狀的獲獎模式如先後於1923年1936年和1960年獲得諾貝爾獎得秘密根安德森與格拉澤一次構成了失誠關係2.是要科學規劃研究生的培養研究生從學到研是一個系統的培養的過程貫穿於知識學習、實驗、研究、論文鑽寫和答辯等諸多環節導師應當科學的規劃好學生的時間在學院系所的培養計劃之外在制定具體的合理培養計劃注重時間,418.mp4
5,师生互动中的学术规范与真理追求,本课程探讨高校师生关系中学术规范的重要性，强调学生在与导师互动时应坚持真理、独立思考。通过亚里士多德与柏拉图的案例，分析学术传承与批判性思维的关系，指出科研工作者应遵循求实精神，正确处理师生伦理与科学真理的双重关系，促进学术健康发展。,/covers/419_0473720a.jpg,/videos/419_0473720a.mp4,2,12,2,163,95.41,1,1,学术规范,综合型,中级,"师生关系,学术规范,真理追求,批判性思维,科研伦理","【音声】同学们,下面要我们来讲第二节学生,音如何对待导师音响师生的关系因素有很多大体可以分为导师数值学生数值,制度和环境因素三个方面其中,导师和学生数值又可以分为学数数值和非学数数值同期结果表明在上述音响师生关系的数多因素当中,导师的学数数值受到了更多的关注前面我们讲了从导师的角度应当承担什么样的指责下面,我们从学生的角度探讨一下如何与导师进行合理的互动首先,第一点,五爱五十但五更爱真理亚里斯多德在十七岁时就跟随其导师不拉图学习时间长达二十年之久亚里斯多德说不拉图即使他非常重进的恩师也是他的旨有正所谓娘师意有他曾做师这样在美国不拉图在众人之中,他是唯一的也是最初的这样的人,如今以无处寻秘然而在探究真理的道路上亚里斯多德表现出了极大的勇气他不为权威不为传统他的哲学思想内容和方法与导师存在的严重的分析他毫不流行的批评自己的导师这很自然引来了一些人的指责亚里斯多德是背叛自己恩师的望恩负一支图亚里斯多德对此回应的想测力是常和的一句名言五二五十五更爱真理老师与学生之间听寻学习的轮礼关系相较于科研工作者与真理之间的轮礼关系明显要弱因为后者具有更强的工艺性他是服务于全人类的最为崇高的价值师生之间的关系在传统文化中容易流为一种衣服关系这导致了近现代很多国家很多学科之间实际上存在着门罚之真我们认为即便是学派之真也都属于不理性的科学让步于学院关系的一种结果这种情况作为做研究的人应当坚决于抵制科学活动需要我们实施求释努力发现世界本来的面目这种发觉的过程不因受到任何传统势力的阻挠坚持真理追踪真理是科研工作者最为崇高的轮礼准则研究生及学生与科研人员双重身份于一身双重身份意味着受到双重轮礼关系的调整作为学生当然需要符合正常的师生轮礼关系的要求处理好和自己导师之间的关系一日为师中生为父并以此为理由对导师绝对的严厅基础是不妥的在真理面前人人都是平等的学生完全可以有理有结有度的提出与导师不同的观点做不同方向的论证得到不同的结论学术传承不是要求我们每个学生不折不扣的同意导师的任何观点完全在其基础上进行论证甚至用导师的观点对同门进行上钢上线的评价因为这种方式颠导了轮礼的成绩关系阻碍了科技的进步研究生在于导师交流过程当中必须坚持真理独立思考用自己的头脑去思考用心灵去考量用时间去证明记得我自己在英国公路博士学位期间经常会提出一些与导师不一致的观点经常会试探着问问导师对这个问题的看法他在提出自己的看法的时候都会说这只是他个人的建议你自己必须要有自己独立的判断对一切观点有一定的问题",419.mp4
5,学术规范与师生关系危机,本课程探讨传统导师制在当代面临的挑战，分析学术不端行为对师生关系的冲击。通过真实案例剖析学术规范的重要性，帮助高校教师理解平等、法治背景下师生关系的重构，提升学术诚信意识与规范管理能力。,/covers/420_8069546a.jpg,/videos/420_8069546a.mp4,2,18,2,178,99.06,1,1,学术规范,综合型,中级,"学术规范,师生关系,学术不端,导师制,科研诚信",《同学们》下面我们讲第三节处于危机中的导师学生关系1中国传统的研究生培养制度是单位制下的导师制这种制度实际上是一种学图式制度然而在大科研时代受公立主义的影响老板制的潜规则慎心于一些单位这种潜规则有时借用了导师制下的服从关系导师与学生之间关系不平等试图如父子带有浓厚的道德色彩刚好可以为一些带有公立想法的导师所利用单位制度下的导师制师生关系更具有行政管理的色彩大学接受国家伟托 行使教育权利导师接受大学的伟托 行使管理研究生的权利师生关系又进一步地表现为行政关系导师与研究生的地位不对等导师处于支配地位研究生处于被支配地位加之 研究生培养制度严重缺少七月平等精神使得这种扭曲的旧思维仍然在一些导师身上扎根与此同时 整个社会受到了新媒体的冲击社会舆论监督越来越频繁社会透明度越来越高在法治与际下对于官员教师等职业责任者的追加使得平等主义成为了新一代人广为接受的观念在者对于腐败 学书不断行为等采取临容忍的高压态势使得潜规则越来越难以实施很多的草根阶层借用了这股新规则对传统的关系掀起了一股革命化的浪潮对于传统关系中高位的 或者受到尊敬的群体的各类不断行为以及一次不断行为 予以各种类型的举报 曝光 披露使得传统的关系无法维系在这个巨脸碰撞的过程中导师与学生的关系危机感很重在很多状况下 甚至彼此不信任 相互冲突甚至造成了流血的产据下面谈一则 学生举报 院士导师学书不断的案子上海抹高校学书规范委员会于2020 月 收到了由该校纪律检查委员会转来的识名举报至于该校副署 言尔彼侯科医院A院士以及秦林导的听觉医学中心团队有学书不断行为包括A本人的瑞士苏泥士大学博士学位造假三本学书专注和专利涉嫌超习院士身报材料中涉嫌多数造假广报他和合作者已发表的论文存在一搞多头一图多用 任意创改实验结果等学书不断行为举报性病复有心与私网站上两篇画名文章发现中科院院士A犯有严重学书不断行为的情况和中国科学院院士A的假博士学位规范委员会指定两名委员负责调查分别约谈被举报人和举报人言尔彼侯科医院学书委员会遭开了全体的委员会就举报所称的A院士二人凌五年身报院士时三本个人专注涉嫌超习国外民驻一世进行的专题讨论二零一三年八月十九日该校学书规范委员会避交了调查报告关于举报我校 付署严尔彼侯科医院A院士涉嫌学书不断行为的调查报告调查觉论是A提供的医学博士学位证书最终获得了国家教育部留学服务中心认定顾举报人至于A偽造学历的问题是不存在的关于论文投稿的问题A作为合作者之一所发表的几篇中文论文中有宣论文内容高度重复另有几篇论文中使用了相当的认识,420.mp4
5,导师学生关系危机案例解析,课程通过分析多个高校导师与学生关系危机的真实案例，探讨学术规范背景下师生互动的伦理边界。内容涵盖学生举报、师生冲突等典型情境，强调教师应尊重学生人格、平等沟通，避免体罚辱骂等不当行为，同时引导学生通过合法途径解决矛盾，维护健康的学术环境。,/covers/421_8c961e22.jpg,/videos/421_8c961e22.mp4,2,16,2,174,98.18,1,1,学术规范,综合型,中级,"学术规范,师生关系,师德师风,高校教师,案例解析",【许语】同学们下面我们讲第四节处于危机中的导师学生关系2上阶课我们详细地讲解了学生举报院士导师学书不端的案例除了这样的案例以外学生与导师之间的关系走入死互动的案例比比皆是以下举几个典型的案例检药的与分析第1个案例2008年初广东莫高校生命科学学院 某再读博士生在网上一网民指名道姓称帮导师干活还遭导师的虐待并诸名多名研究生的真名实现该发表人名为伤心博士铁名为某教授请您不要再害人了好吗这个铁子流传于各指名网络论坛只共导师爱谋打骂 报复学生该导师不仅忽悠无路学生而且经常对学生体伐打骂甚至用脚非串所带的两名男授师研究生还有的学生顶不住 直接晕倒了辞铁在网络上引发了激烈的反响就在两日之后该笑在其校园网上发布了对伤心博士铁调查情况的通报爱谋事件做出了正面的回应通告称伤心博士铁所描述的情况有一定的根据但是也有部分内容与事实有所出入而爱教授本人也承认自己也出报的方式对待学生是非常错误的他以向学生道歉并表示愿意再次为此道歉高等学校教师体发学生的现象比较少见这个案例说明了在事件中有一些老师不尊重学生的人格随意乳骂 甚至欧大学生有些导师一老师自居认为身份决定的其可以教训学生这种教师传统的思维比较强没有将学生看成是平等的主体缺少人爱观念也没有以学生为本的观念这样的局面很容易量成产据需要为每个导师所警惕要做好老师要有人爱之心教育是你们人者爱人的事业好老师应当是人师没有爱心的人是不能够做好老师的第二个案例李某于2007年9月考上某科学院某研究所的博士研究生2009年李某发现其工作赶为今天被扣除又不满之前研究所不给其更幻导师不给其购买实验器材无法开展课题于是磁刀进入了导师的办公室遇找其女导师沿某协商2009年7月9日十三十曲李某磁则菜刀将导师沿某等三人扣留在办公室当日的十四时四十分左右明景趁李某要求研究所所长进入办公室谈判之机冲进办公室将迟刀反抗的李某制服海电检察院指控李某犯非法军进罪向法院提起公诉海电法院以寻信资刺罪判除李某有基督刑9个月李某不服提出上述被法院终省博回学生有过期行为近些年来越来越常见虽然我们对于一日为师终身为负的观念保持保留的态度但是尊师重到应当数据最基本的假时判断学生对导师如果也不满应当积极沟通交涉通过正常的途径来加一解决如果不是大事大非问题不需要输出偏迹的方式在这个按钮囊农迟刀扣留老师这已经属于犯罪行为这种行为向正常人行使都不可更何况是向自己的导师我们虽然主张是身平等化鞋桶化但是基本的人门里是必须要有的这样的行为明显是目无事长需要为很多的学生吸取教训第三个案例2010年1月份江苏某大学的博士神周某因难以完成,421.mp4
5,科研合作中的学术规范与伦理,本课程探讨高校教师在科研活动中如何建立和谐的合作关系，强调坦诚交流、平等相待、学科交叉等原则，结合黄禹锡等案例警示合作中的学术不端风险，帮助教师正确处理同行合作，遵守职业道德，防止共同违规行为。,/covers/422_7e81a01e.jpg,/videos/422_7e81a01e.mp4,2,13,1,168,96.56,1,1,学术规范,科研型,中级,"科研合作,学术规范,同行关系,学科交叉,职业道德",【谈训】同学们 下面我们讲第五节科研活动中的合作关系学书科研并非单打独斗的事业在很多时候我们需要与人合作交流同行之间 除了竞争关系之外还有很多的合作契机实际上文人相亲的所与忽视了一个更大的可能即文人相捧在科研工作中建立良好和谐的同行关系营造良好的学书环境是现代建制型学书研究发展的必须我们在于同行进行合作时无论这个同行是老师还是学生都需要处理好合作关系全国科学道德和学封建设宣讲教育 领导小组所做的科学道德与学封建设学习参考大钢中明确科学研究中和谐的同行关系应当把握好下列几个方面1是要坦诚不公科学研究在本质上是一种人和的事业坦诚不公是实现合作和团队协作的根基正所谓同心 山 陈玉 邪力 土变金一个团队各自为正 各行歧视甚至窝里斗不会有向心力和民居力个人的能力不会得到充分的发挥2是要善于交流每个人所掌握的科研信息是不对称的善于沟通交流 习得集体工作的艺术是做合格同行并在合作中创造价值的关键在交流过程当中一个人不能完全听别人的而完全将自己的保留或者演示信息是一种重要的资源如果对信息过于自私则很难找到退心制服的学书合作伙伴3是要平等相待 虽然我们强调待计融合老一代的科技工作者需要指点和提邪年轻的碗贝这样才能实现待与待之间的根迭实现科学的常诸的发展然而我们现在来说一个理想的境界应该是抛弃论资排备的观念在科学面前人人平等每个人都应当具有平等交流的机会4是要学科交叉在科学史上新的突破往往是在交叉学科里域从产生的交叉科学包括边缘科学、狠断科学、综合科学和软科学等我们应该在各个学科中极取营养从而将科学难题攻克在一些领域实现学科的整体化、邪统化例如在我所从事的学科为例许多的形式犯罪问题不仅需要形式实体法来界定具体的罪名还需要犯罪学去了解犯罪的动音需要形式证据法来做是否证据确实充分操出合理怀疑的界定需要有形式一体化的思维在合作过程中要严格遵守职业道德不可以变合作为同流核污甚至共同犯罪这需要合作者之间相互合作的同时相互监督制约防止各自出现违规行为不能做不正当的立交换更不能成为学术不端行为的供犯很多的合作的成果彼此要对整个的成果负责因此从这个意义上来说合作者共同属民的作品责任更大需要仔细的合对比对下面我们来举黄语熙下臣的事件为例黄语熙这个人是韩国著名的生物课家曾担任首尔大学授医学院首席教授他在干细胞的研究一度令他成为韩国的民族一窮被视为韩民族灾下诺贝尔讲的希望2005年的12月他被揭发伪造多项研究成果韩国举国华然黄语熙发表在科学杂志上的干细胞研究成果被认为军术自需物有最先对黄语熙发难的是他的合作者杰夏腾2004年在黄语熙一篇弄文被科学杂志退稿后,422.mp4
5,学术竞争与合作的师德规范,本课程探讨高校教师在学术活动中如何正确处理竞争关系，以达尔文与华莱士的案例说明学术竞争中应有的风范。强调学者在名利面前应保持谦逊，通过正当手段竞争，尊重他人贡献，以学品和人品赢得尊敬，推动科学发展。,/covers/423_98a5c162.jpg,/videos/423_98a5c162.mp4,1,10,2,165,95.21,1,1,学术规范,综合型,初级,"学术竞争,师德风范,合作精神,学术规范,高校教师","【引画】同学们,下面我们讲第六节课言活动中的竞争关系有人说同行是冤假在悲欲为文人相亲的学书界可能更是如此课言领域的竞争日序摆热化课言领域具有同志性资源也具有相对的戏学性决定竞争比其他领域可能更为激烈同一个单位某一项学书奖励可能只能有一个人获得同一年高级支撑的指标可能只有一个只能有一个人上这意味的竞争是必然的而合作在此时这变得非常的有限正确处理课言中的竞争能够更好的推动科学的发展使用正常的手段展开竞争无可非意评价不正当的竞争手段突破或者胜利则容易遭到同行的比试批评投诉甚至抵制我们认为学者在明利面前应当有一定的深视风度在积极努力进取的同时应当对他人的贡献与肯定无需相互亲恙以学品和人品赢得世人的尊敬正所谓人者无敌取一个例子关于达尔文竞互论的发现者达尔文与花莱士的故事作为竞互论的提出者查尔斯达尔文的声明《想欲世界》达尔文在1837年结束环球航行旅行之后带着收集的大量材料回到英国开始研究物种起源的问题在20多年的研究过程当中达尔文一直在为自己的物种起源推论做细致的材料准备工作而没有正式的动笔住书尽管当时有人曾经提醒过达尔文要避免别人抢先发表这一理论达尔文应当尽快地写出做作率先发表可是达尔文却认为在物种和变种这一问题上涉及的研究范围实在太广它需要经过充分的考证才能够转一些作品与此同时一个叫阿尔夫雷德拉塞尔花莱士的青年博物学家也在思考着物种问题1856年花莱士在博物学记录上发表了一篇论支配新种引进的法则初步表达了自己对物种问题的见解但达尔文并没有对花莱士这篇弄文与较多关注原在马来群导的花莱士为达尔文收集了一些物种的材料这对达尔文在国内研究事业提供了很大的帮助后来两人通信往来中达尔文对花莱士进行的鼓励并且一再的表示现役在相关问题上达尔文和花莱士进行了探讨达尔文称赞花莱士的标本采集工作鼓励花莱士提出自己的理论达尔文的一些指导和见解无疑支持了花莱士的研究工作给这位年轻的学者巨大的信心1858年6月英国生物学家进化了创始人达尔文再次收到了花莱士的来信尽弄文希望他看后提意见并推荐弄文中物种进化的观点于自己进不某而和连花莱士使用的一些数语都是达尔文正在赚写说某中的部分张节标题而为此他已经付出了一身的心血他甚至说我的全部的独创性无论他可能有多么了不起都将化为物有我从未看到过比这件事更为显著巧合的了即使花莱士的手中由我在1842年的手稿也不会写出叫此更好的摘要来千公和不徒私利趋势达尔文有了放弃优先权的面头最终他还是债称的自我勇敢地向编辑部坦诚的自己的思想要求将花莱士的弄文公开发表编辑部在争得花莱士同一后才定敬化了的思想有两人分别的独立的提出对此花莱士不仅万分战同并且建议把达尔文的名字放在前面建议这理论叫做达尔文敬化论此后达尔文开始加快写多进度最终在1859年11月出版了物种起源艺术",423.mp4
5,高校教师同行评议规范与实践,本课程聚焦高校教师在同行评议中的职责与规范，涵盖评议原则、公正性要求、保密义务及国际标准。通过案例解析，帮助教师掌握客观、公正、及时的评议方法，避免偏见与利益冲突，提升学术评价质量与公信力。,/covers/424_c2fad77d.jpg,/videos/424_c2fad77d.mp4,2,13,2,163,95.19,1,1,学术规范,综合型,中级,"同行评议,学术规范,科研伦理,高校教师,公正评价","【音乐】同学们,下面我们讲第七节,同行评议关系同行评议是由同一学术共同体的专家学者来评议某特定学术工作的价值和重要性的一种评估方法通常,唯一向有意于学术发展的公议服务相关的专家有意义物参加同行评议活动同行评议时,科研经费分配,科研成果艳收学术诺文发表和科技人员评价讲力与晋身等工作的重要组成部分科技工作者和有关科技管理机构在诺文发表科研历下科技成果的评审,键定,艳收和讲力等活动中应当本着对社会负责的科学态度遵循客观公正准确的原则给出详细的反馈意见不可复业了事更不可心存偏见如果受邀请评讯项目或者诺文应当在规定的时间内完成评讯工作否则应当晚居评议人应当客观公正的进行评议活动评议见不应当受被评议者的信别种族出身宗教职称职务,诗称关系或者社会关系等评议工作以外的因素影响对于用不正当手段拔高或扁低他人成果水平及其不认真负责不实施求是在评价活动及结论中弄虚作假等行为应当坚决制止科技工作者在技术开发转让扶务等技术交易活动中应当坚持城市首新和互利的原则遵循市场经济规则如时反映项目的技术状况及相关内容不得故意夸大技术价值隐瞒技术风险要严格旅行技术合同中的相关规定保证科技成果转化的质量和应用的效忆平衣人只对自己有能力平衣的对下进行平衣如果自己平衣对下或者有关的研究方向不熟悉的话应当如时的告知平衣组织机构拒绝财平衣科技工作者不应担任不熟悉学科的平衣专家长期脱离本学科前言而不能够掌握最新趋势和尽量的人员不移担任平衣专家为了保证平衡的公正性平衣专家不得绕过平衣组织机构而与平衣对象直接的接触不得收取平衣对象赞予的有爱公正平衣的礼物和其他亏资对于诺文平衡来说平衡专家更要做到公平公正严格及时和手心根据诺文的客观性创了心性 价值性等标准于评判对平衡内容严格保密不通过平衡切取他人的成果2012年5月来自大约50个国家和地区的科学与工程项目资助机构的负责人在美国华盛顿参加了责忧平衡全球峰会这次会议批准了关于科学与国家与科学责忧平衡原则的生命以下是该生命中提出平衡活动的六项基本原则1是专家评估平衡专家组为整体因具备适当的知识与技能来评估项目申请对其所在研究领域广泛意义上的贡献以及具体的研究目标与方法论方面的内容因一句明确的标准您选评审专家2特名度有关决定必须基于以公布的有明确表述的规则程序和评价的标准以推理方式做出申请人因得到对其申请所做评价的适当反亏3公正对于项目申请因公平的评估其优点必须声明",424.mp4
5,科研伦理与公众责任,本课程探讨科研工作者与公众、资助者之间的伦理关系，基于科学精神特质（普遍主义、公有主义等），分析科研职业的荣誉性与公益性。内容涵盖科研伦理规范对不同利益群体的影响，公众信任的建立与维护，以及媒体环境下科学传播的责任。旨在帮助高校教师理解科研工作的社会责任，强化学术规范意识。,/covers/425_103a5314.jpg,/videos/425_103a5314.mp4,2,15,1,171,97.22,1,1,学术规范,科研型,中级,"科研伦理,学术规范,公众信任,科学精神,社会责任","《同學們》下面我們講第八節科研工作者與公眾課題資助者之間的關係美國科學社會學支付羅布特莫頓提出了科學的精神特質普遍主義、公有主義、非謀例性和有組織的懷疑主義西方世界古往進來被供應為職業的包括醫師、律師、墨師、教師、韓科研工作者所有的這些職業都有個供應,既具有典型的供應性從事科研職業所獲得的相應的仇勞是榮譽性的而非是交易性的,只有那些具有榮譽性待遇的職業才可能被稱之為職業這有別於那些依靠交換交易所獲得的對架商業人員對於醫生而言,就死浮傷是其本質他不應當由於病人支付不起醫療費用就拒絕給換者治療對於律師而言,他則是治療社會疾病的一項職業維護當時人權益是其重要的使命在英國律師職業剛剛出現的時候就有所謂的低視戰原則即如果當時人有需要向某個律師發出請求他就不能拒絕,哪怕當時人是令人驗誤的是填不支持的已經被社會化為黑武類的或者根本承擔不起律師費的律師都應當監納案件為當時人進行代理莫失更是拯救人的心靈的更不以是否支付費用為提供洗腦的前提的同樣教師科學工作者這個職業也是為了公益而教學科研正所謂有教無類部分貴族與平民部分國界與華儀只要有新項學都可以入學受教科學工作者需要具有科學的精神特質在從事科研時服務於公眾服務於全人類科研機構也因此承擔的社會責任和不容消解的學術自由科研輪理間接影響的課題在很多時候超出了科研理域行政的一整套科研輪理規範需要滿足不同的利益人群不僅僅限於學術公眾體還包括一般的社會公眾他們的利益在很多相關的案例當中都得到體現但是他們卻不實常發生公眾對於科學的正義性的信任是恐怖社會支持的一個重要的一環同時這一份信任源自於公眾參與建立在知情同意之上信任是開展調研的前例條件之一而如今呢媒體的態度不斷的介入影響左右公眾對於學術公眾體的輪理判斷在大部分的媒體宣傳中科學有技術傳立給公眾的印象在登錄火星一般的偉大成就和對人類可能的重大危害的科學戰中搖擺例如生物技術的發展產生的利弊的大討論科學記者和科學工作者共同負擔著向公眾提供關於科學發展的合理的明治的陳述和報告的義務這些陳述和報告是公眾對科學工作者建立信任的基礎建立最低限度的公眾信任是相當重要的必須確保公眾能夠充分的信賴科學信息例如儘管某種食物或者動物經過基因改良或者使用的某種不安全的營養物質該種食物或者動物仍然可以安全使用公眾會期待相關行業的學術公眾體能夠避免不到得利用他們的專業地位為一些混小事聽或者有害的產品建定背書的行為在公眾關注的任何食品和飲品的衛生性和安全性的領域範圍內保護公共利益應當成為學術公眾體走龐代的責任封流病的醜聞展露了科學工作者",425.mp4
5,学术利益冲突与知识产权保护,本课程探讨高校教师在科研活动中面临的利益冲突问题，包括个人利益与职责利益的冲突、利益对科研客观性的影响，以及知识产权保护的重要性。通过案例分析，帮助教师识别和规避利益冲突，维护学术诚信与科研公正。,/covers/426_761fe251.jpg,/videos/426_761fe251.mp4,2,16,2,174,98.09,1,1,学术规范,综合型,中级,"利益冲突,学术规范,科研伦理,知识产权,高校教师",【】【】【】【【【【【【【【【【【【【【【【】【】同學們下面我們講第五章課言利益衝突與知識產權保護第一節何謂課言利益衝突利益衝突實際上是一個法律及職業輪理的一個核心詞彙如果不單在課言輪理與學術規範的語境下探討所謂的利益衝突是指當事人的自人利益與其職責或者其職責所代表的利益發生衝突換句話說利益衝突是當事人所處的進化或行為在這種進化或行為中當事人所深付的委託利益有可能不恰當地受到當事人自身利益的影響課言工作者在研究過程中受到利益影響而得出或者可能得出傾向性的結論或者課言工作者在資訊過程中受到了一些利益主體的影響而做出或可能會做出傾向性的判斷使委託方的利益因為傾向性的結論或判斷而受損均屬於利益衝突的範疇在課言倫理與境下的利益衝突主要是指某些利益具有干擾課言工作者在科學活動中做出客觀準確公正善意有利的判斷的趨勢這裡的重要角色設定或職者設定已經在前面有所探討課言工作者最為重要的使命是追求真理造福人類如果其個人的利益與這兩個價值相衝突則屬於此處所講的利益衝突王國維曾經說過當之學問之事無往而不當用其中時也安斯坦也說過探求真理的權利也還有責任你不能隱瞞所發現真理的任何一部分其實去死永遠是我們每個做科研的人不屈的使命當然在當代隨著科學職業化的行程科學研究也從過去的由個人的興趣愛好驅動以探求真理為主旨的行業成為了一種有大量人群參與得到社會廣泛資助的社會活動成為了一種可以使科學家獲得榮譽權威和種種福利的職業反過來科學研究已經成為了可以產生巨大利潤的職業支持許多商業性的機構資助或直接介入科學研究和開發科學家們也成為了各種歷徵多的對象科學不再是遠離宣銷的城市躲開浮躁的人海聚接時尚的誘惑保持新年高度靈敬和絕對自由在這樣的背景下科學活動的歷衝突日益張寫此外科學發明及技術以往一直是被認為用來提高生產力造福人類的如果相關的利益有可能使科學工作者危害到人本身也可能會產生歷衝突美國醫學研究所關於歷衝突的定義一類狀況在該類狀況下與某個主要的利益相關的專業判斷有可能會不恰當的時候到某個次要利益的影響這些利益的範圍還是相當之廣的除了可以還原為金錢的經濟力之外深慾地位人際關係宗教信仰政治需要個人的愛好心理滿足都可能成為某種利益這些利益可能影響到科學家在研究活動中各種選擇判斷包括確定研究方向研究課題方法技巧應用哪些文獻選擇哪些數據材料如何收集組織素材如何解釋資料數據實驗結果如何評價他人的研究成果與誰進行學術交流如何交流如何應用研究成果等等這些選擇會影響科學研究的客觀性準確性和公認性在同行品義中失聲同事親友金爭對手之間的關係也進行,426.mp4
5,科研利益冲突识别与防范,本课程聚焦高校科研活动中的利益冲突问题，系统讲解经济、职责、人际关系等冲突类型及其对科研客观性的影响。通过案例分析，帮助教师识别利益冲突风险，掌握防范策略，坚守科研伦理准则，维护学术公正与公共利益。,/covers/427_c4c86a2d.jpg,/videos/427_c4c86a2d.mp4,2,20,1,180,99.09,1,1,学术规范,科研型,中级,"利益冲突,科研伦理,学术规范,高校教师,科研诚信",【】同學們下面我們講第二節利益衝突的表現形式利益衝突範圍非常廣例如科學工作者在科學研究選題設計、生報、實施和科研成果評價及應用中都會收到各種干擾典型的有與企業合作研究開發中的經濟利益干擾同行品義中的人際關係干擾行政部門對科技活動的干擾知識傳播與交流中單位利益的干擾這些問題都可能會干擾到科研活動的客觀性、公正性和公共利益的優先性的倫理準則如果要進行細分利益衝突包括經濟利益衝突、職責衝突個人關係衝突和學識衝突經濟利益衝突是個人在經濟收入和對陳時金確、效率和客觀等基本價值的堅持之間產生意識或者實際上的張力的情況經濟利益能夠為過分強調或貶低研究從而提供一種強烈的誘因甚至會捲入到研究的不單行為當中去1998年斯特福克斯的人對1995年3月到1996年9月之間用英文發表的七十篇關於蓋里子通道阻斷季這是一種治療薪血管穩暖的薪行藥劑的諾兒進行的統計分析以檢查作者對這種藥劑的態度是否受到志耀公司經濟支柱的影響結果發現對蓋里子通道阻斷季的安全性持肯定態度的作者中有96%曾經接受蓋通道阻斷季生產商的贊助而持中力態度的只有60%持否定態度的作者有37%有國這種戰的關係而且持肯定態度的作者也比持中力和否定態度的作者更有可能與其他任何的志耀公司發生經濟上的聯繫無論該公司生產什麼產品哈特金斯的人對於美國癌症患者凝床化學治療的調查研究也得出了同樣的結論在美國65歲以上的癌症患者約在63%然而參與凝床實驗的65歲以上的患者的比例則不到25%由於高齡患者賴獸能力較差化學療法對年齡較大的患者的效果比較小因而有意的排除高齡患者的做法可以使得實驗新藥的療效顯得更好實際上立衝突可以表現在實驗對象的選擇試驗的設計病例的選擇數據的分析處理方法選擇性發表諾兒的內容等等環節由於科學家受到的利盈想而得出了傾向性的結論使得科學研究的客觀性受到了嚴重的威脅當前我國科研活動中的利益衝突集中表現在經濟利益衝突這實際上是科學與產業之間的衝突這種衝突在我國目前比較難控制因為我國處於科技生產力轉換需求的旺盛時期強調產學結合產學研議題化企業在科技成果運用中有現實的需求也能夠為科學工作者提供相對衝突的經費科學工作者在大師大費面前需要做好判斷不能純粹的被金錢所迷失喪失的基本的職業道德舉一個在我國發生的瘦肉金研究的例子二十世紀八十年代初美國親安公司開發出了一種明顯促進豬身場提高瘦肉率的四料添加劑叫做言酸克倫特羅俗稱瘦肉金1989年至1992年西班牙先後有進色,427.mp4
5,高校科研利益冲突防范指南,本课程以美国科研机构利益冲突政策为案例，系统讲解高校教师在科研活动中如何识别、披露和处理利益冲突。内容涵盖利益冲突的定义、常见表现形式、政策制定背景及具体防范措施，帮助教师坚守科研伦理原则，确保研究活动的客观性和公正性。,/covers/428_7b57c0c0.jpg,/videos/428_7b57c0c0.mp4,2,12,1,153,93.63,1,1,学术规范,科研型,中级,"利益冲突,科研伦理,学术规范,高校教师","【字幕製作詞】同學們,下面我們講第三節如何避免利益衝突美國是世界上科研機構最多科學研究和管理活動最活躍也是最複雜的國家自然的科學活動中的利益衝突問題也更為殲瑞為了抵制科研利益衝突帶來的負面的影響美國大量的科研機構逐漸的製定的利益衝突的政策2000年初,麥克雷等人對美國科研機構有關利益衝突政策制定的情況做過一次問卷調查調查的對象是每年從美國國立、衛生研究院和美國科學基金會每年獲得的500萬美元以上資助的研究機構其中包括127個美國醫學院和170個科研機構48個基礎科學及臨床醫學期刊17個聯邦政府部門在2000年3月之前297所醫學院和研究機構中有250所在84%給予了回覆這250所機構中只有15所無所醫學院、10所研究機構報告中說上午利益衝突方面的政策其他都制定了利益衝突的政策在這些科研政策中處理利益衝突最常用的方法一次是下研究機構披露利益衝突下公眾公開利益衝突對涉及利益衝突的研究或學術活動與監視或看查剝奪經濟利益或禁止相關的經濟活動其他的方法還有偽認其他研究者替換有利益衝突的原項目的領導人以及要求有嚴重利益衝突的教知人員離開大學或機構等在科研學術管理中納入利益衝突政策從一開始就遭到了美國學術界的抵制反利益衝突政策人士中羅斯曼是具有代表性的一位他在著名的醫學雜誌美國醫學會會開轉紋指出採用利益衝突披露政策勢必導致二十四季五十年代流行的臭名招助的審查制度是科學研究中的新麥卡錫主義存在利益衝突指表示有可能對某人的行為產生影響但卻不一定必然導致錯誤利益衝突的確是一種誘惑但誘惑並不等於罪念作為科學工作者以下如果我們的工作可能會存在利益衝突我認為應當做好族下的幾個方面一遵守基本的科研論理原則負責任的科研行為包括堅持客觀性對科學真理負責堅持人道主義對人類負責堅持促進社會公正對社會負責堅持可持續發展對生態環境負責科學無禁區不過並非不是沒有科學能力的規範如果你研究的東西是為動物為人類所用那麼要遵守兩點一是研究本身不能弄虛作假二是成果的使用不能危害人動物和自然生態即便不了解利益衝突法則我想藏懷求徵物時造福人類就可能會最大的限度的避免不適當的利益衝突一部分的科學工作者雖然有這個意識但是容易為別的利益所左右比如說鼓勵轉基因產品做提高產量的研究帶忽略了對生態的破壞如果你研究的東西可以用於人用於動物那就不能一位的想著如何改進工藝而忽視這個物質本身的危害研究方案要有可接受的風險收益比規幣潛在的利益衝突核呼輪類的開展科研活動作為科研人員在選題設計研究方案",428.mp4
5,高校科研知识产权保护与规范,本课程聚焦高校科研活动中的知识产权保护，涵盖专利、著作权等核心概念，解析高校职务成果归属与管理规定，强调尊重原创思想与学术交流规范，帮助教师提升知识产权意识，遵守学术道德与法律法规。,/covers/429_df9b7d62.jpg,/videos/429_df9b7d62.mp4,2,16,1,177,99.0,1,1,学术规范,科研型,中级,"知识产权,科研规范,高校教师,学术道德,职务成果",【字幕製作詞】同學們下面我們講第四節科研活動中的知識產權保護知識產權是自然人或法人對其智力活動 創造的成果 依法所享有的權力主要包括專利權 商標權 駐座權 集成電路部圖設計權 地理標誌權 職務新品種權 未披露的信息專有權等知識產權改變的生活 知識產權改變的世界在工業文明的進程中 知識產權制度對推動技術進步和社會發展 居公智慧 問用會員他帶來的問題與挑戰 也值得我們思考當前的科研輪理應當是致力於有效的保護知識產權 鼓勵廣大教制員工和學生發明創造和致力創作的積極性 錯敬科技成果的產業化科學道德與學封建設學習參考大功中 明切的要尊重他人的知識產權與原創的思想原因在於 第一 知識產權是對權力人成果的一種法定的保護形式 尊重他人的研究成果首先體現在對知識產權的尊重知識產權是人類思想的產物 是依照法律賦予符合條件的做作者發明者 或者成果擁有者在一定期限內享有的獨佔權力專利是科學研究中的知識產權的重要的表現形式是科學工作的智慧和漢水的結晶 應當尊重並依法保護 做作權保護的想法的表達也是經過創造活動所產生的 高校絕大都是成果 都是以住宿論文的形式所呈現的第二 學術交流要尊重他人的思想的原創性 包括對不受知識產權保護的成果的歸屬因有所尊重我們必須嚴格自律在不受知識產權的保護的傾向 對他人的思想的原創性和成果與以尊重與此同時 根據1999年教育部出臺的高等學校知識產權保護管理規定高等學校應當在保護知識產權方面 做好下列幾項工作1 是結合本校的實際狀況 制定知識產權工作的具體規劃和保護規定2 是加強對知識產權保護工作的組織和領導 完善本校知識產權保護制度加強本校知識產權工作機構和隊伍建設 3 是組織知識產權法律法規的教育和培訓開展知識產權課程的教學和研究工作 4 是組織開展本校知識產權建定申請登記 註冊 評估和管理工作 5 是組織簽訂 省和本校知識產權的開發使用和轉讓合同6 是協調解決本校內部有關知識產權的爭議和糾紛7 是對在科技開發 技術轉移以及知識產權保護工作中有突出貢獻的人於獎勵8 是組織開展本校有關知識產權保護工作的國際交流與合作9 其他在知識產權保護工作中應當旅行的職責每個高校科學工作者需要勞計執行本校及其所屬單位任務或主要利用本校及其所屬單位的物質條件所完成的發明創造或者其他的進入成果是高等學校職務發明創作或職務進入成果職務發明創造申請專利的權力屬於高等學校專利權被依法授以後有高等學校所持有職務進入成果的使用權 轉讓權有高等學校所享有由高等學校組持代表高等學校一直創作並由高等學校承難責任的作品為高等學校法人作品其著作權由高等學校所享有為完成高等學校的工作任務所創作的作品是職務作品著作權一般由完成者所享有高等學校在其業務上,429.mp4
5,高校教师著作权概论与学术规范,本课程系统讲解著作权的基本概念、构成要件及法律保护范围，重点分析文字作品、口述作品、艺术类作品等高校教师常见的智力成果类型。通过具体案例解析，帮助教师明确学术创作中的权利边界，提升知识产权保护意识，规范学术引用与成果发表行为。,/covers/430_82adb318.jpg,/videos/430_82adb318.mp4,1,18,0,174,96.11,1,1,学术规范,教学型,初级,"著作权,学术规范,知识产权,高校教师,作品类型",【】【】【】【】【】【】【】【】【】同學們下面我們講第五節注奪權概論注奪權是指諸多權人對其創作的文學藝術和科學作品等智力成果依法享有的專有權力諸多權成立的條件必須構成諸多權法意義上的作品諸多權法的第三條規定本法所稱的作品包括下類形式創作的文學藝術和自然科學社會科學工程技術的作品第一是文字作品二是口述作品三是音樂戲劇曲曲藝舞蹈雜技藝術作品四是美術建築作品我是攝影作品六是電作品合以類似攝影方式所創作的作品七是工程設計圖產品設計圖地圖試一圖等圖形作品和模型作品八是計算機軟件九是法律行政法規規定的其他作品文學作品是指小說失詞散文弄文的文字顯示出現了作品它的範圍非常廣泛包括以文學表現的小說師哥散文一柱工具書等作品以數字表現的模型時期的經濟發展指標等統計報表以符號表示的茫文獨以及綜合運用數字文字和符號表現的作品需要注意的是不是任何的文字形式表達的作品都是文字作品如書法二是口述作品記憶口頭的語言形式表現的作品例如也說受課法庭辯論等等口述作品因當有相對的完整性能夠說明一定的問題或者說發某種情感具有起碼的獨創性人際間隨意的沒有什麼價值的談話並不能成為口述作品另外宣讀的講稿也不能產生口述作品而只是對文字作品的一種在線口頭作品的固定一般不會改變它的性質例如被錄製下來的演講仍然是演講走的口述作品當然這是演講者錄製者還對錄製品享有相應的零接權但是當談話者的言詞被比錄下來以後他的口述作品就轉換我成了文字作品三是音樂戲劇曲曲譯舞蹈雜技等藝術作品音樂作品是指共演唱演奏的作品例如交響樂歌曲等帶詞或者不帶詞的作品戲劇作品是指共舞台演出的作品例如畫具歌曲地方戲等曲譯作品是指以說唱為主要形式表現的作品例如向身快書大股舞蹈作品是以身體語言例如動作姿勢表情等形式表現的作品雜技作品是指通過形體動作技巧表現的作品包括雜技魔術馬戲等等美術和建築作品美術作品是指具有神美意義的造型藝術作品包括繪畫書法雕塑等以線條色彩或者其他方式構成了平面的或者立體的作品有的美術作品還具備了實際的用途滿足人們物質上的需要因此被稱為實用美術作品建築作品是指建築物建築物的形式表現的有神美意義的作品不是所有的建築物都是作品那些純粹的為實用目的建造的防污不能成為建築作品色彩色彩是建築器械在感光材料或者其他戒指上記錄的客觀事務形象的藝術作品如人物照片封景照片等這種作品並不保護所有的攝影物存負值的攝影作品譬如說,430.mp4
5,学术规范中的侵权责任解析,本课程详细解析学术规范中常见的侵权行为及其法律责任，包括擅自发表他人作品、歪曲篡改、侵犯合作作品、强行署名、擅自使用、拒付报酬、剽窃等行为。重点讲解这些行为如何侵犯作者的发表权、保护作品完整权、署名权等著作权，以及根据我国著作权法应承担的民事责任，帮助高校教师识别和避免学术侵权风险。,/covers/431_7a48d9cd.jpg,/videos/431_7a48d9cd.mp4,1,7,0,153,91.41,1,1,学术规范,教学型,初级,"学术规范,著作权侵权,法律责任,高校教师,师德师风",《同學們》下面我們來講《諸多全親權行為》及其法律責任《諸多全的親權行為》包括《善自發表他人的作品》及《未經作者同意》公開作者沒有公開過的作品的行為這種行為主要侵犯的是作者所享有的作者全人生權中的發表權作品一經作者創作完成作者及依法取得對其所享有的作者權至於是否發表以何種方式發表是作者形式權力的表現《未經作者同意善自發表其作品既視為親權行為》第二種是歪曲判改他人的作品歪曲判改他人的作品是指未經作者同意以刪截修改等行為破壞作品的真是含義的行為歪曲判改他人的作品主要有下列集中表現在改編翻譯整理編輯他人作品或者將他人的作品設置成電影電視作品時沒有按照被利用作品的原意進行利用歪曲作者的原意第二種情況是出版部門對稿件編輯加工時歪曲判改作品作者的原意將作品用於有損作者尊嚴的場合也是這種形式之一歪曲判改作品既侵犯了作者所享有的保護作品的完整權又損害了作者的一般人格權第三種是侵犯他人的作品侵犯他人作品是指未經合作作者的許可將他人合作創作的作品當作自己單獨創作的作品發表的行為根據我國做的權法的規定合作作者的做作權 規合作作者共同享有任何一個合作作者在未真的其他合作者的同意的簽譯下不得善自發表合作作品更不能將合作作品當作自己單獨創作的作品發表第四種情況是強行在他人的作品上屬名強行在他人的作品上屬名是指自己未參加作品的創作卻以種種不正當的手段在他人創作發表的作品上屬名屬名權是作者的一種身份權是基於創作而產生的自己沒有參與創作為了謀取個人名利利用權勢地位等因素強佔他人的創作成果是對作者屬名權的侵犯同時冒充了作者的資格以此獲得作作權也侵犯了作者所享有的作作財產權如果作者為了擴大自己的影響而要求一些沒有參加作品創作的名人在自己作品上屬名的則不以侵權論處武士善自使用他人的作品善自使用他人的作品是指未經做作權人的許可要無法遞上的規定而使用他人的作品善自閘懶、設置、粗粗、播放等都屬於這種情況六是巨幅報酬巨幅報酬是指使用他人的作品而為按照規定支付報酬的行為欺是瞄切他人的作品瞄切他人的作品是指將他人的作品當作自己創作的作品發表的行為這種行為表行為兩個方面依是完全造成他人的作品而是在一定程度上改變了他人作品的形式或內容來僅因瞄切八是侵犯專有出版權和百世設計權就是自作出售假貿他人屬名的作品實施侵犯淋漸權侵犯淋漸權是指侵犯表演者錄音、錄像、製作者和廣播電視組織權其他的侵犯行為還有很多我們不再一一列舉下面談一下法律責任根據我國的諸多權法的第47條48條規定的侵犯行為之一的應當承擔、民視責任包括一停止侵害,431.mp4
5,学术作品独创性与抄袭认定,本课程深入解析学术规范中的独创性概念与抄袭认定标准，重点讲解思想表达二分法原则、接触加实质性相似规则，以及如何区分合理借鉴与侵权行为。通过案例分析，帮助高校教师准确识别学术不端风险，提升学术创作规范意识，维护学术诚信与著作权保护。,/covers/432_3297f334.jpg,/videos/432_3297f334.mp4,2,13,2,168,96.86,1,1,学术规范,综合型,中级,"学术规范,独创性,抄袭认定,著作权,高校教师",《同学们》下面我们讲第七节独创性和超习较切作品是作者独立创作出来的不是或基本不是对现有作品的复制超习较切或者模仿只要作品是由作者创作而产生的体现出了作者的思想感情非单纯模仿超习他人的作品即使与他人的作品具有某种雷同之处也不影响起所享有的注作权这只能视为创作上的偶和这种情况在历史题材的作品当中容易出现版权中的独创性并不要求作者达到前无古人的程度而有别于专利法上的吸引性创作性作者权保护的是独创作品而非手创作品类似作品如果是做的完全独立创作的不能认为是超习至于其价值用途和受贫价无关紧要在诉讼层面判断超习与其他行为的区别可以从下面五个方面加以分析一是看备告对原作品的更改程度二是看原作品与备告作品的特点三是看作品的性质四是看作品中体现的创作技巧和作品的价值五是看备告的意图业内关于苗切及其其他做多全清全行为的认定已经形成了一套比较成熟的规则那就是接触加实质性相似根据这一规则要认定某个人的行为构成苗切有两个问题需要证明其一其接触过被苗切的作品换言之不存在独立创作的情况下如有雷同传出巧合的可能性第二其所创作的作品与被清全的作品实质性相似就实质性相似而言在做作权保护界限问题上有一个著名的原则即思想表达二分法即做作权法只保护作者思想的表达形式而不保护作者的思想本身再对调借与否进行研判时不能警看相应观点主题思想是否相同还要看具体内容上是否构成实质性的相似有人具此可以认为将他人作品的语言表述方式逻辑表达次序相关故事的主人公信明相关世界发生时间或地点以及相关场所的具体名称等加以改变后作为自己创作的作品使用就不会构成对原作品的调借这种疆话理解思想表达二分法的原则的观点是错误的事实上思想表达形式继包括外在形式也包括内在的形式换言之一部作品已经表达出来的内容是受到注重全保护的再次基础上诸如根据他人的小说创作年幻化的行为也可能构成对注重全的侵犯正式在此意义上国家版权局关于超习行为的认定明确指出调借行为继包括原封不动或者基本原封不动的负质他人的作品的行为继低级的调借行为也包括经改头画面后将他人受注重全保护的独创成分切为只有的行为继高级调借行为从举政责任的角度来看作为例如构成调借的一方在接触问题上原告即可以提供被告曾经见到我月毒过够买过收到过被侵犬作品或者被告曾在几方工作过程中接触过被侵犬作品等直接证据也可以提供被侵犬作品已经以发表表演展览广播放隐的方式工资于重以及被告不具备被控侵犬作品创作的能力等间接证据此外如果被控侵犬作品中包含有被侵犬作品中相同的错误而资论错误对作品有损无意也可以推定被告接触过被侵犬作品在实质性相似问题上如果原告被告作品偏服不长相同或相似之处一目了然,432.mp4
5,学术规范中的署名权问题,本课程聚焦高校教师与研究生在学术论文发表中的署名权规范，详细解析署名权的法律定义、不当署名的常见类型（如挂名、赠予署名等）及其危害，结合《著作权法》相关条款，探讨导师与学生在科研成果署名中的伦理责任，旨在提升教师的学术规范意识与科研诚信实践能力。,/covers/433_88e347dd.jpg,/videos/433_88e347dd.mp4,2,20,2,187,100.0,1,1,学术规范,综合型,中级,"学术规范,署名权,科研诚信,高校教师,著作权法",《同學們》下面我們講第八節 《鼎民權》《肯言論文》都有一個鼎民權的問題他標誌著作者對知識產品做出的貢獻祭表明知識產權所有 又表示對所表述的觀點負責也顯示研究者的學術水平我國做的權法第12條第二款規定鼎民權祭表明的作者的身份 在作品上鼎民的權力鼎民反映的作者和作品之間的內在聯繫表明了鼎民人是一件作品的創作者鼎民權只能是真正的作者和被視為作者的情況下的法人和非法人單位才有資格享有 作者以外的任何人都無權享受所以鼎民權還隱含著另一種權力祭作者的資格權 祭作者以外的任何人都無權享受在論文上屬名本來是一件很正常的事情但是隨著客業領域 虛誇浮躁之風迷慢屬名多亂雜成為期待證明的問題研究生論文發表中不當屬名 及其屬名權金權問題沉嬰很多一方面是為了完成學術任務達到客業單位的硬性的論文指標另一方面是在高額版面費的經濟壓力和有位置的發 有票子的發 有面子的發的貪污優先出版的潛規則下的無奈之舉自然科學內的課業單位注重研究論文被SCI收錄指標有的單位硬性規定再讀博士要發表一篇以上被國際三大減鎖機構收錄的學術論文再讀碩士要求在核心期刊發表一篇論文 否則不能通過一些學科一面是研究周期很長 一面是要求快速論文在此量化指標的壓力下研究人員採取多種方式發表論文如畫展維靈 依稿多頭而屬名樂位或相互屬名成為首選下面談談耐用屬名權的集中類型第一是掛民行為所謂掛民是指沒有參加作品的創作也沒有對作品的完成付出任何創造性的智利活動而與作者共同在作品上屬名的行為這主要是因為掛民者為了謀取個人利益而不是通過自己的創作是通過在他人的作品上與作者共同屬名成為作者甚至是以第一作者的身份竟而成為著作全人享有如此帶來的名利根據著作權法實施條例的第三條規定對於一些只是提供一些物質上的幫助行為如提供資金和必要的設備或者其他的必要的工作如提供資料和資訊意見幫助打印、教兌沒有對作品的完成付出創造性的智利活動都不能視為作者如果在作品上屬名都是掛民行為實踐中倒是在研究生的弄文上屬名現象比較嚴重有的甚至成為了第一作者或第二作者心境有出現了通信作者的稱為在作者名字上打上信號以標示知識產權的法人身份導師不應當共同屬名的情況由一是弄文的主要創新觀點與導師毫不相干二是弄文中的一切工作都是研究生自己完成的與導師沒有關係在這種情況下即便是自己的指導的研究生導師也應當據絕屬名不應絕取學生的科研成果第二是證譽屬名雖然沒有參與相關作品的創作但是為了增加發文量有的作者之間相互屬名這種學術不端一般不一發現但是如果發表了弄文被發現學術不端作者之間就會相互推偉責任指責對方授權或者不知其被屬名進而引起學術糾紛這其中包括師兄弟、師姐妹學生與導師之間的鎮於屬名科學雜誌左邊唐納德肯尼迪先生在學術責任中評論鎮於屬名他說不管動機如何這種行為都將作者,433.mp4
5,学术研究中的伦理原则与受试者保护,本课程聚焦高校教师在涉及人类或动物受试者的科研活动中应遵循的伦理规范。通过解析受试者研究中的伦理问题，结合米尔格拉姆服从实验等经典案例，探讨科研人员如何平衡研究需求与受试者权益保护，强化教师在心理学、医学等学科研究中的伦理意识与规范实践。,/covers/434_783be41b.jpg,/videos/434_783be41b.mp4,2,13,2,166,96.18,1,1,学术规范,综合型,中级,"学术伦理,受试者保护,科研规范,高校教师,案例教学",《同学们》下面我们来讲第六章与授事者相关的论理原则低解授世所产生的论理问题并不是所有的学科都有授世者然而在一起学科的研究中授世是普遍存在的例如心理学研究以及一学研究人的授世是指科研人员对人进行研究实验所获得相关信息数据并得出或验证一定的结论的行为他可以是人体实验即直接以人体作为授世对象用人为的实验手段以一种控制的方式对授世者进行观察和研究以判断假设是否合乎真理这也可以是研究者通过访谈交流观察记录等方式从个人那里所获得的行为的信息例如在各种心理测试中通过了解获得被视者的内心动态以及行为侦照关于授世人的处于容易引发一系列的论理问题这些需要我们高度关注除了人类授世以外还有动物实验尽管授世者是动物但是最终的实验结果还是为人所服务所以这动物福利运动的信息和对于动物实验的人道主义的反思其论理关系也应当得到关注关于授世者下面举一个著名的案例Miraglama实验该实验的结果是由Miraglama发表在变态心理学杂志中服从实验一文该文中他写名了实验的目的在法律和哲学上有关服从的观点是意义非常重大的但他们很少谈急人们在遇到实际情况时会采取怎样的行为我在耶路大学设计了这个实验便是为了测试一个普通的市民只因一位辅助实验的科学家所下达的命令而会愿意在另一个人身上加猪多少的痛苦当主导实验的权威者命令参与者伤害另一个人更加上参与者所听到的痛苦的尖叫声即使参与者受到如此强烈的道德不安多数情况下权威者仍难得以对于仍难得以继续命令他实验显示了沉烈人对于权力者有多么大的服从意愿去做出几乎任何耻多的行为而我们必须尽快对这种现象进行研究和解释服从实验发生在1961年至1962年的耶路大学社会心理学的助理教授斯坦利米尔哥拉姆实际上在坑原圈刚刚出道该实验有着一定的社会背景在举行前不久耶路撒冷公开审判了前纳粹党卫军上校阿道福艾西曼艾西曼便解说自己不过是服从命令按照自然法学界批判实证主义法学界的观点即而我是 only just following the order作为图杀猶太人的最终方案的主要的责任者最终埃西曼被判除了死刑当时很多美国人都认为德国人先天邪恶所以才会出现了纳粹米尔哥拉姆的实验则为了说明服从作恶者的部分国籍种族灭绝行为有着心理学上的解释服从实验是这样展开的首先张天海报说业务大学有一项关于学习与记忆的实验地点是在大学的老舅校区的一间地下石地下石里有两个强壁隔开的房间广告上说明实验将进行约一个小时报仇是4.5美元参与者的年龄从20岁至50岁不等包括各种各样的教育背景从小学毕业至博士学位都有当资源上,434.mp4
5,学术规范中的实验伦理与知情同意,本课程聚焦高校教师在涉及人类受试者和实验动物的科研活动中应遵循的基本伦理规范。内容涵盖知情同意原则、实验动物人道关怀、伦理委员会审查要求及避免诱导参与等关键议题，旨在帮助教师掌握科研伦理的核心要求，确保研究符合学术规范与道德标准。,/covers/435_83dd4215.jpg,/videos/435_83dd4215.mp4,2,18,1,176,98.29,1,1,学术规范,科研型,中级,"科研伦理,知情同意,实验规范,学术道德,高校教师",【音樂】下面我們講第二節與授勢者相關的基本倫理規範整體上來看由於學科領域的差異與授勢者相關的非常詳細的共通的指南還很缺乏在主要的倫理規範中基本倫理原則都有所體現針對實驗對象問題制定的規範具體包括授勢人和動物的科研倫理規範對於授勢人人的人格自由、隱私、知情同意原則的一系列的規範需要得到遵守目前世界各國在這方面已經達成了一定的共識每個國家都在做出一定的努力對於實驗動物人們也認為應當給予一定的人道主義的關懷英國科學家羅宿和伯奇在1959年提出了三阿元則記、替代、replacement、約檢、reduction和經驗、refinement該三阿元則也得到了普遍的應用在下屆課我們會加以詳細的敘述科學技術部科研呈現建設辦公室組織編寫的科研活動呈現指南中對科研倫理與實驗對象的安全問題做了概括性的指南在進行涉及人類授事者和實驗動物的科學研究時必須尊重人的尊嚴和權力善待實驗動物對於具有潛在風險的研究應當保持警惕並嚴格遵守相關的現實性規定科研人員具體而言進行涉及人類授事者和實驗動物的研究時必須保證這樣的研究是必須的無可替代的要按有關的規定獲得機構倫理委員會的審查批准並嚴格按照批准的研究計劃開展研究工作進行涉及人類授事者或實驗動物的研究必須由瞭解相關的法律法規和規章制度具有相關滋事的人員操作參與研究的學生必須在具有相關滋事的人員的監督下工作下面則將人類和動物做了一定的區分第三點進行涉及人類授事者的研究應當獲得授事者對下列事項的書面知情同意材料1.是獲取處理分析和實驗數據的範圍和方法2.是不泄露授事者的個人隱私不將實驗資料用於協議規定範圍之外的任何目的和用途3.是在實驗過程當中授事者有權隨時終止或放棄實驗第四點是進行涉及人類授事者的醫學研究時不得採取強迫或欺騙手段使授事者參與在招募授事者時不能有意或無意的對其進行誘導或者誤導包括強調或暗示適驗藥品或治療方法優餘或者類似目前使用的藥品或治療方法可以置於疾病強調或暗示授事者將接受新型治療使用新型藥品或免費醫療或得到費用不足強調或暗示適驗的學術權威信使用具有誘導性的廣告文字、圖標、數據、圖片或符號等吸引潛在的授事者參與第五點是進行涉及人類授事者的研究只能選擇符合相關要求的授事者並嚴格履行參與者之間的協議或約定不能以任何的方式讓學生、下屬、科研人員或者其他的工作人員成為授事者譬如韓國的黃語錫教授東雙釋發來源之一就是強勃其履下手提供暖子用於實驗在涉及人類授事者的研究中應當避免對研究對象造成任何不必要的精神或,435.mp4
5,人类受试伦理与学术规范,本课程以人类受试研究的历史案例为切入点，系统讲解生物医学研究中涉及人类受试者的伦理规范。通过分析詹纳牛痘实验、二战时期纳粹与731部队的人体实验等典型案例，阐述学术研究中保护受试者权益的重要性，帮助高校教师理解并遵守相关国内外伦理准则，强化科研活动中的道德底线意识。,/covers/436_50d7def7.jpg,/videos/436_50d7def7.mp4,2,20,1,177,98.17,1,1,学术规范,科研型,中级,"人类受试伦理,学术规范,科研道德,生物医学研究,伦理准则",我們講第三節 人類受試的輪流問題下面我們能以相關的國內外的重要的規範為出現具體談一下人類受試的輪流問題以人為的受試者最早出現在生物醫學研究中在該領域的問題也是最突出的一點的作者被預為醫學之王的阿拉伯醫學家阿維森納堅持認為試驗必須在人體上做因為動物身上實驗不可能證明對人有效真正意義上的以人為受試者的生物醫學研究食於英格蘭的醫生沾納的重鬥實驗18世紀天花是一種殺傷性非常強的疾病10個人當中就有一個人死於這種病大多數得了這種病的人是小孩或較大的孩子沾納從口頭的傳說中得知幾牛奶的少女不會得天花他相信幾牛奶的少女只會得很輕的天花和他得無聲明危險的牛豆之間有一定的年系一名叫做沾納內爾姆斯的年輕幾牛奶的姑娘去看沾納此時沾納看見沾納正長牛豆沾納從他的牛豆腫塊中抽出一些液體放入了得了天花的沾紋絲的手臂上的切割口六週後沾紋絲康復了沾紋又給沾紋絲做設天花病毒但經過做設牛豆業的沾紋絲不再得天花沾紋的實驗成功了19世紀的西歐和美國人體實驗是個別醫生在凝聚、親氣和自己身上做進行的而在二戰時期這樣的人體實驗被法西斯所惡用我們現在的大量的科學倫理規範都是對當時的教訓的總結德國納粹的人體實驗寧囊滿目包括從子宮井切下組織或者將整個子宮切除為了給子宮和蘇南館拍X光片而將不知名的物質注入子宮造成受害者無法忍受的巨痛在青年婦女身上做切除暖潮絕育手術把大批活人提供給德國的化學工業公司用以試驗獨物的作用對男子進行鴨哥或用X光線實施絕育用化學刺激劑在男子的腿部人工製造潰養和發炎式的種流在活人身上做出人工傳播立即又發傷痕、人工受運等試驗將囚犯至於壓力實驗室觀察他們如何在高壓下停止呼吸將囚犯至於空軍的減壓艙然後將空氣抽掉觀察受試者如何缺氧死亡將受試者進炮在冰水中做冷凍實驗讓他們脫光衣服放在戶外、血地裡直到凍死觀察幾乎在人只喝鹽水而不知食物多長時間日本法醫師731部隊開展了血腥的人體試驗包括將鼠翼軍、白猴軍、傷痕軍通過食物或注射進入受試者的體內第二天沒有死亡的在加大企業他們不僅對受害者的屍體進行解剖而且還對受害者進行的慘無人道的活體解剖通過注射法、埋入法和內服法將致病軍收入受試者的體內確定哪種感染途徑能最快死人死亡以便作為細菌武器製造提供數據進行冷凍和細菌的聯合實驗以檢驗、氣性壞舉作為低溫條件下的細菌武器的優效性除此以外他們還進行的如下的一系列,436.mp4
5,高校生物医学研究伦理审查规范,本课程系统讲解高校生物医学研究中伦理审查的基本原则与制度框架，重点介绍伦理委员会的组成、职责与审查流程，强调尊重受试者权益、知情同意等核心伦理准则，帮助高校教师规范涉及人的生物医学研究行为，提升科研伦理素养。,/covers/437_21ed197e.jpg,/videos/437_21ed197e.mp4,2,13,1,166,95.96,1,1,学术规范,科研型,中级,"伦理审查,生物医学研究,知情同意,高校教师,科研伦理",【许语】同学们 下面我们讲第四节 轮零审查关于轮零审查 我国医学各理域已经做出了比较原则性的规定目前 规定比较全面的是国家卫生和计划生育委员会议2016年底发布的涉及人的生物医学研究轮零审查办法该规范的目的是为了保护人的生命和健康 维护人的尊严尊重和保护授士者的合法权益规范涉及的人的生物医学研究轮零审查工作轮零审查应当遵守国家的法律法规规定在研究中 尊重授士者的自主意愿同时 遵守有意不伤害以及公正的原则国家卫生 寄生为负责全国涉及人的生物医学研究轮零审查工作监督和管理成立国家医学轮零专家委员会国家中医药管理局负责中医药研究轮零审查工作的监督管理成立国家中医药轮零专家委员会審集卫生寄生 行政部门成立審集医学轮零专家委员会现级以上的地方卫生寄生行政部门负责本行政区域涉及人的生物医学研究轮零审查工作的监督和管理下面讲一下轮零委员会所谓轮零委员会是重视涉及人的生物医学研究的医疗卫生机构是涉及人的生物医学研究轮零审查工作的管理责任主体都应当设立轮零委员会并采取有效的措施保障轮零委员会独立开展轮零审查工作所谓的轮零审查委员会是由不同学科的专家人士所组成的对涉及到人的生物医学研究进行科学审查和轮零审查的组织相似的名称还有生命轮零委员会医学轮零委员会机构审查委员会轮零委员会等不同的称位医疗卫生机构为设立轮零委员会的不得开展设计人的生物医学研究工作境外机构或者个人与国内的医疗卫生机构合作开展设计人的生物医学研究的应当向国内合作机构的轮零委员会申请研究项目轮零审查轮零委员会的职责包括一是保护授士者的合法权益维护授士者的尊严促进生物医学研究的规范开展二是在对本机构开展设计人的生物医学研究项目进行轮零审查包括出示审查跟踪审查和附身等三是在本机构组织开展相关轮零审查的培训轮零委员会的委员应当从生物医学领域和轮零学法学社会学等女的专家和非机构的社会人士中林选产生人数不得少于七人并且应当有不同性别的委员少数民族地区应当考虑少数民族委员必要时轮零委员会可以拼请独立的顾问独立顾问对所审查的项目的特定问题提出资券意见不参与表决轮零委员会委员任期五年可以年任轮零委会涉主任委员一人副主任委员若干人由轮零委会委员协商推举产生轮零委员会委员应当具有相应的轮零审查轮零并定期接受生物医学研究轮零的知识和相关法律法规知识的培训涉及人的生物医学研究应当符合下列轮零委员则一是知识同意的原则尊重和保障授试者是否参与研究的自主决定权严格旅行知识同意的程序防止使用欺诈利用 斜破等手段使授试者同意参加研究允许受到的事,437.mp4
5,动物实验伦理与学术规范,本课程探讨高校科研中动物实验的伦理问题，分析国际动物福利法规与三R原则（减少、替代、优化），结合案例讨论如何在科研需求与动物保护间寻求平衡，提升教师在生命科学研究中的伦理意识与规范实践。,/covers/438_f007d82d.jpg,/videos/438_f007d82d.mp4,2,20,1,181,99.41,1,1,学术规范,科研型,中级,"动物实验伦理,学术规范,科研伦理,三R原则,高校教师","【许晏中的许晏中】同学们下面我们讲第五节动物实验中的论理问题实验动物被称为活的一气有着不可替代的作用实验动用自己的犀声换来的是医学的进步目前几乎所有的生命科学领域的科研教学生产、检定、安全评价和成果评定都离不开实验动物于此同时,随着新一代的生物治药学从活体生物脆取药物的开发可能会需要越来越多的动物实验近年来,经营研究的训统发展为了发现治病基因并对其功能进行深入的研究使用动物需求会不断的上升法律环境的压力也有所加强很多药品都要求经过动物实验以确保其安全性英国是世界上最早颁布保护动物法典的国家对于动物实验轮礼的研究和关注也是最早的在英国在动物身上进行的科学研究其数目在2012年就达到了一年400万项切保持着每年8%左右的稳定增长与此同时,动物福利运动的心情使得动物实验中存在的轮礼问题突显从动物轮礼的视角去理解动物权力或动物福利时就需要对生物一血研究中对待和处置实验动物的传统方式提出质疑轮礼学的发展负语了不如动物与人类相似的道德权力深层权力、自由权力和不受折磨的权力在动物实验里域为学术机构或质药公司提供科学实验成贸服务的亨廷顿生物科学公司可谓是臭名招入自从1997年英国电视台曝光了该公司的计算员略带列兔权的画面之后有两个人最终被判的行该公司一度陷入了生存的危机英国政府威胁要调调其隐叶持造大致药商也必而原知如今它在位于英兰的亨廷顿峻北部的相间总部就有900名的员工在萨夫克军有400人的规模的支部在美国普林斯顿大学还住有300名的研究人员每年为450家客户进行大约2500次的实验支持动物实验的科学家们认为动物保护主义者夸大了动物实验的残酷性无视其存在的必要性只有当找到更好的替代对象动物实验才有可能停止目前英国最大的非动物的实验研究账注机构是英国政府与2024年成立的国家研究动物替代改善与减少中心该机构至于探索科研实验中减少使用动物降低动物痛苦度的办法每年投入了450万英鲁在飞动物实验研究上但这比起各大医药企业花在动物实验研究上的庞大飞用根本不值一提在现在的大环境下很难说服别人反对使用凝掌类的动物做实验该机构和智耀行业的合作非常成功但是和神经科学领域很难达较到该领域的技术都是侵入性的在人体身上实验是不合轮力的只能在动物身上实用现实的需求使动物实验无法避免问题的关键不是完全消灭动物实验而是如何人道的对待实验动物在科学领域与动物伤害之间寻求轮力上的平衡根据上述案例这些评论体现了目前国际上对待实验动物的三阿元泽即 Reduxing减少",438.mp4
